-- MySQL dump 10.13  Distrib 5.7.17, for macos10.12 (x86_64)
--
-- Host: 127.0.0.1    Database: hspc_8_hspc9
-- ------------------------------------------------------
-- Server version	5.7.23

/*!40101 SET @OLD_CHARACTER_SET_CLIENT=@@CHARACTER_SET_CLIENT */;
/*!40101 SET @OLD_CHARACTER_SET_RESULTS=@@CHARACTER_SET_RESULTS */;
/*!40101 SET @OLD_COLLATION_CONNECTION=@@COLLATION_CONNECTION */;
/*!40101 SET NAMES utf8 */;
/*!40103 SET @OLD_TIME_ZONE=@@TIME_ZONE */;
/*!40103 SET TIME_ZONE='+00:00' */;
/*!40014 SET @OLD_UNIQUE_CHECKS=@@UNIQUE_CHECKS, UNIQUE_CHECKS=0 */;
/*!40014 SET @OLD_FOREIGN_KEY_CHECKS=@@FOREIGN_KEY_CHECKS, FOREIGN_KEY_CHECKS=0 */;
/*!40101 SET @OLD_SQL_MODE=@@SQL_MODE, SQL_MODE='NO_AUTO_VALUE_ON_ZERO' */;
/*!40111 SET @OLD_SQL_NOTES=@@SQL_NOTES, SQL_NOTES=0 */;

--
-- Table structure for table `HFJ_HISTORY_TAG`
--

DROP TABLE IF EXISTS `HFJ_HISTORY_TAG`;
/*!40101 SET @saved_cs_client     = @@character_set_client */;
/*!40101 SET character_set_client = utf8 */;
CREATE TABLE `HFJ_HISTORY_TAG` (
  `PID` bigint(20) NOT NULL,
  `TAG_ID` bigint(20) DEFAULT NULL,
  `RES_ID` bigint(20) NOT NULL,
  `RES_TYPE` varchar(30) NOT NULL,
  `RES_VER_PID` bigint(20) NOT NULL,
  PRIMARY KEY (`PID`),
  UNIQUE KEY `IDX_RESHISTTAG_TAGID` (`RES_VER_PID`,`TAG_ID`),
  KEY `FKtderym7awj6q8iq5c51xv4ndw` (`TAG_ID`)
) ENGINE=MyISAM DEFAULT CHARSET=latin1;
/*!40101 SET character_set_client = @saved_cs_client */;

--
-- Dumping data for table `HFJ_HISTORY_TAG`
--

LOCK TABLES `HFJ_HISTORY_TAG` WRITE;
/*!40000 ALTER TABLE `HFJ_HISTORY_TAG` DISABLE KEYS */;
INSERT INTO `HFJ_HISTORY_TAG` VALUES (1,1,52,'ValueSet',52),(52,1,102,'ValueSet',102),(102,1,152,'ValueSet',152);
/*!40000 ALTER TABLE `HFJ_HISTORY_TAG` ENABLE KEYS */;
UNLOCK TABLES;

--
-- Table structure for table `HFJ_IDX_CMP_STRING_UNIQ`
--

DROP TABLE IF EXISTS `HFJ_IDX_CMP_STRING_UNIQ`;
/*!40101 SET @saved_cs_client     = @@character_set_client */;
/*!40101 SET character_set_client = utf8 */;
CREATE TABLE `HFJ_IDX_CMP_STRING_UNIQ` (
  `PID` bigint(20) NOT NULL,
  `IDX_STRING` varchar(150) NOT NULL,
  `RES_ID` bigint(20) DEFAULT NULL,
  PRIMARY KEY (`PID`),
  UNIQUE KEY `IDX_IDXCMPSTRUNIQ_STRING` (`IDX_STRING`),
  KEY `IDX_IDXCMPSTRUNIQ_RESOURCE` (`RES_ID`)
) ENGINE=MyISAM DEFAULT CHARSET=latin1;
/*!40101 SET character_set_client = @saved_cs_client */;

--
-- Dumping data for table `HFJ_IDX_CMP_STRING_UNIQ`
--

LOCK TABLES `HFJ_IDX_CMP_STRING_UNIQ` WRITE;
/*!40000 ALTER TABLE `HFJ_IDX_CMP_STRING_UNIQ` DISABLE KEYS */;
/*!40000 ALTER TABLE `HFJ_IDX_CMP_STRING_UNIQ` ENABLE KEYS */;
UNLOCK TABLES;

--
-- Table structure for table `HFJ_RESOURCE`
--

DROP TABLE IF EXISTS `HFJ_RESOURCE`;
/*!40101 SET @saved_cs_client     = @@character_set_client */;
/*!40101 SET character_set_client = utf8 */;
CREATE TABLE `HFJ_RESOURCE` (
  `RES_ID` bigint(20) NOT NULL,
  `RES_DELETED_AT` datetime DEFAULT NULL,
  `RES_VERSION` varchar(7) DEFAULT NULL,
  `HAS_TAGS` bit(1) NOT NULL,
  `RES_PUBLISHED` datetime NOT NULL,
  `RES_TITLE` varchar(100) DEFAULT NULL,
  `RES_UPDATED` datetime NOT NULL,
  `SP_HAS_LINKS` bit(1) DEFAULT NULL,
  `HASH_SHA256` varchar(64) DEFAULT NULL,
  `SP_INDEX_STATUS` bigint(20) DEFAULT NULL,
  `RES_LANGUAGE` varchar(20) DEFAULT NULL,
  `SP_CMPSTR_UNIQ_PRESENT` bit(1) DEFAULT NULL,
  `SP_COORDS_PRESENT` bit(1) DEFAULT NULL,
  `SP_DATE_PRESENT` bit(1) DEFAULT NULL,
  `SP_NUMBER_PRESENT` bit(1) DEFAULT NULL,
  `SP_QUANTITY_PRESENT` bit(1) DEFAULT NULL,
  `SP_STRING_PRESENT` bit(1) DEFAULT NULL,
  `SP_TOKEN_PRESENT` bit(1) DEFAULT NULL,
  `SP_URI_PRESENT` bit(1) DEFAULT NULL,
  `RES_PROFILE` varchar(200) DEFAULT NULL,
  `RES_TYPE` varchar(30) DEFAULT NULL,
  `RES_VER` bigint(20) DEFAULT NULL,
  `FORCED_ID_PID` bigint(20) DEFAULT NULL,
  PRIMARY KEY (`RES_ID`),
  KEY `IDX_RES_DATE` (`RES_UPDATED`),
  KEY `IDX_RES_LANG` (`RES_TYPE`,`RES_LANGUAGE`),
  KEY `IDX_RES_PROFILE` (`RES_PROFILE`),
  KEY `IDX_RES_TYPE` (`RES_TYPE`),
  KEY `IDX_INDEXSTATUS` (`SP_INDEX_STATUS`),
  KEY `FKhjgj8cp879gfxko25cx5o692r` (`FORCED_ID_PID`)
) ENGINE=MyISAM DEFAULT CHARSET=latin1;
/*!40101 SET character_set_client = @saved_cs_client */;

--
-- Dumping data for table `HFJ_RESOURCE`
--

LOCK TABLES `HFJ_RESOURCE` WRITE;
/*!40000 ALTER TABLE `HFJ_RESOURCE` DISABLE KEYS */;
INSERT INTO `HFJ_RESOURCE` VALUES (1,NULL,'DSTU3',0x00,'2019-02-20 12:21:58',NULL,'2019-02-20 12:21:58',0x00,'5ce77bcecda721bf7084320030c83281abe85c0bafac06295a737f850e980aa1',1,NULL,0x00,0x00,0x01,0x00,0x00,0x01,0x01,0x01,NULL,'ConceptMap',1,NULL),(52,NULL,'DSTU3',0x01,'2019-02-20 14:37:10',NULL,'2019-02-20 14:37:10',0x00,'29a2f3a84f8b1813670741f7242b6895fe941449124853d55ffb84ae344a7a50',1,NULL,0x00,0x00,0x01,0x00,0x00,0x01,0x01,0x01,NULL,'ValueSet',1,NULL),(102,NULL,'DSTU3',0x01,'2019-02-20 15:15:48',NULL,'2019-02-20 15:15:48',0x00,'29a2f3a84f8b1813670741f7242b6895fe941449124853d55ffb84ae344a7a50',1,NULL,0x00,0x00,0x01,0x00,0x00,0x01,0x01,0x01,NULL,'ValueSet',1,NULL),(152,NULL,'DSTU3',0x01,'2019-02-20 15:44:43',NULL,'2019-02-20 15:44:43',0x00,'29a2f3a84f8b1813670741f7242b6895fe941449124853d55ffb84ae344a7a50',1,NULL,0x00,0x00,0x01,0x00,0x00,0x01,0x01,0x01,NULL,'ValueSet',1,1);
/*!40000 ALTER TABLE `HFJ_RESOURCE` ENABLE KEYS */;
UNLOCK TABLES;

--
-- Table structure for table `HFJ_RES_LINK`
--

DROP TABLE IF EXISTS `HFJ_RES_LINK`;
/*!40101 SET @saved_cs_client     = @@character_set_client */;
/*!40101 SET character_set_client = utf8 */;
CREATE TABLE `HFJ_RES_LINK` (
  `PID` bigint(20) NOT NULL,
  `SRC_PATH` varchar(200) NOT NULL,
  `SRC_RESOURCE_ID` bigint(20) NOT NULL,
  `SOURCE_RESOURCE_TYPE` varchar(30) NOT NULL DEFAULT '',
  `TARGET_RESOURCE_ID` bigint(20) DEFAULT NULL,
  `TARGET_RESOURCE_TYPE` varchar(30) NOT NULL DEFAULT '',
  `TARGET_RESOURCE_URL` varchar(200) DEFAULT NULL,
  `SP_UPDATED` datetime DEFAULT NULL,
  PRIMARY KEY (`PID`),
  KEY `IDX_RL_TPATHRES` (`SRC_PATH`,`TARGET_RESOURCE_ID`),
  KEY `IDX_RL_SRC` (`SRC_RESOURCE_ID`),
  KEY `IDX_RL_DEST` (`TARGET_RESOURCE_ID`)
) ENGINE=MyISAM DEFAULT CHARSET=latin1;
/*!40101 SET character_set_client = @saved_cs_client */;

--
-- Dumping data for table `HFJ_RES_LINK`
--

LOCK TABLES `HFJ_RES_LINK` WRITE;
/*!40000 ALTER TABLE `HFJ_RES_LINK` DISABLE KEYS */;
/*!40000 ALTER TABLE `HFJ_RES_LINK` ENABLE KEYS */;
UNLOCK TABLES;

--
-- Table structure for table `HFJ_RES_REINDEX_JOB`
--

DROP TABLE IF EXISTS `HFJ_RES_REINDEX_JOB`;
/*!40101 SET @saved_cs_client     = @@character_set_client */;
/*!40101 SET character_set_client = utf8 */;
CREATE TABLE `HFJ_RES_REINDEX_JOB` (
  `PID` bigint(20) NOT NULL,
  `JOB_DELETED` bit(1) NOT NULL,
  `RES_TYPE` varchar(255) DEFAULT NULL,
  `SUSPENDED_UNTIL` datetime(6) DEFAULT NULL,
  `UPDATE_THRESHOLD_HIGH` datetime(6) NOT NULL,
  `UPDATE_THRESHOLD_LOW` datetime(6) DEFAULT NULL,
  `REINDEX_COUNT` int(11) DEFAULT NULL,
  PRIMARY KEY (`PID`)
) ENGINE=InnoDB DEFAULT CHARSET=utf8;
/*!40101 SET character_set_client = @saved_cs_client */;

--
-- Dumping data for table `HFJ_RES_REINDEX_JOB`
--

LOCK TABLES `HFJ_RES_REINDEX_JOB` WRITE;
/*!40000 ALTER TABLE `HFJ_RES_REINDEX_JOB` DISABLE KEYS */;
/*!40000 ALTER TABLE `HFJ_RES_REINDEX_JOB` ENABLE KEYS */;
UNLOCK TABLES;

--
-- Table structure for table `HFJ_RES_TAG`
--

DROP TABLE IF EXISTS `HFJ_RES_TAG`;
/*!40101 SET @saved_cs_client     = @@character_set_client */;
/*!40101 SET character_set_client = utf8 */;
CREATE TABLE `HFJ_RES_TAG` (
  `PID` bigint(20) NOT NULL,
  `TAG_ID` bigint(20) DEFAULT NULL,
  `RES_ID` bigint(20) DEFAULT NULL,
  `RES_TYPE` varchar(30) NOT NULL,
  PRIMARY KEY (`PID`),
  UNIQUE KEY `IDX_RESTAG_TAGID` (`RES_ID`,`TAG_ID`),
  KEY `FKbfcjbaftmiwr3rxkwsy23vneo` (`TAG_ID`)
) ENGINE=MyISAM DEFAULT CHARSET=latin1;
/*!40101 SET character_set_client = @saved_cs_client */;

--
-- Dumping data for table `HFJ_RES_TAG`
--

LOCK TABLES `HFJ_RES_TAG` WRITE;
/*!40000 ALTER TABLE `HFJ_RES_TAG` DISABLE KEYS */;
INSERT INTO `HFJ_RES_TAG` VALUES (1,1,52,'ValueSet'),(52,1,102,'ValueSet'),(102,1,152,'ValueSet');
/*!40000 ALTER TABLE `HFJ_RES_TAG` ENABLE KEYS */;
UNLOCK TABLES;

--
-- Table structure for table `HFJ_RES_VER`
--

DROP TABLE IF EXISTS `HFJ_RES_VER`;
/*!40101 SET @saved_cs_client     = @@character_set_client */;
/*!40101 SET character_set_client = utf8 */;
CREATE TABLE `HFJ_RES_VER` (
  `PID` bigint(20) NOT NULL,
  `RES_DELETED_AT` datetime DEFAULT NULL,
  `RES_ENCODING` varchar(5) DEFAULT NULL,
  `RES_VERSION` varchar(7) DEFAULT NULL,
  `HAS_TAGS` bit(1) NOT NULL,
  `RES_PUBLISHED` datetime NOT NULL,
  `RES_TEXT` longblob,
  `RES_TITLE` varchar(100) DEFAULT NULL,
  `RES_UPDATED` datetime NOT NULL,
  `RES_ID` bigint(20) DEFAULT NULL,
  `RES_TYPE` varchar(30) NOT NULL,
  `RES_VER` bigint(20) NOT NULL,
  `FORCED_ID_PID` bigint(20) DEFAULT NULL,
  PRIMARY KEY (`PID`),
  UNIQUE KEY `IDX_RESVER_ID_VER` (`RES_ID`,`RES_VER`),
  KEY `IDX_RESVER_TYPE_DATE` (`RES_TYPE`,`RES_UPDATED`),
  KEY `IDX_RESVER_ID_DATE` (`RES_ID`,`RES_UPDATED`),
  KEY `IDX_RESVER_DATE` (`RES_UPDATED`),
  KEY `FKh20i7lcbchkaxekvwg9ix4hc5` (`FORCED_ID_PID`)
) ENGINE=MyISAM DEFAULT CHARSET=latin1;
/*!40101 SET character_set_client = @saved_cs_client */;

--
-- Dumping data for table `HFJ_RES_VER`
--

LOCK TABLES `HFJ_RES_VER` WRITE;
/*!40000 ALTER TABLE `HFJ_RES_VER` DISABLE KEYS */;
INSERT INTO `HFJ_RES_VER` VALUES (1,NULL,'JSONC','DSTU3',0x00,'2019-02-20 12:21:58',0x1F8B0800000000000000CD57DD4FE34610FF57467E6990629CE0032E511A89424F20DDA9E80ECA43B9878D3D8EF76A7BDDDD753E84F2BF77C67688DD18C85DFB501E8C76773E77667EBFCD93A3D1A8420778B7CED1193B972A0B30B79F44EEF41D8B2BEB8C9F1C63852D0C9DCE31432D2C867418CA05ED4CE81FACD224333F3F3AB1B5F9D8F396CBE5F1D23F567AEE0D47A391B78A6D9A3C3AD3C70CCABF497C32FD707DF3D95DF8EE45185204C6BD3708BD5A3F4ECE4BE52896DADB05E40D07C3A38947CACF86F229EDE7329B43A4550ADB7D3A11106B8C28A685480A34685D517B2A0C1ED70175F9FB9DE5BFA0F51AF2134F4CC1AA6EFBBE57E74029780B7390ED5DE2F795F5E78CBCBC99DDD5E78B0F77D0CB94059959CC420C21521A72ADC222B05265501831C7A363B82D6689343109D0E6D0F70667DEC9607802B3355C7F3CEFC34D16408F6F9D95BF6160C1A248A1872B91E6091E8D3BB3EBC8A23B374E82A2B8D428AC5C205CAA34559981416766D434D386BB7C7A01695DC819DA256206364628C31559C819C0C287DD9D91FD10C1AC8DC5D454A6778E9AD62733EDED1656CC1284201186DB75AE65D8684B3ED78D15AFC3D69ACD4DBF94E3520630F1666D79EF1F0A9D067EFDAB90D495487DFD6306AED0589989B2FC3F1E06570833FB86322DF51B3714AB9466F79ABE479D9E3B37AF69DA59AF9EB283340F8865A9F49FD07BA0EF77C4F2700BBD52314F447058120784429D9943EF8EBE4A0BBDFE8E78EE3E514076ABF85F5F914A42E8FD461F8F3141694D58D06D3B94E69B92DC221D87BF5C5C416F26C2D7C3BBA906793BBF577D60F7D2404C639D1058113CB100A1184DE62D6AA942C004B933FB302B2CAC5541C2842884BF845C0B49732FC0CA14FBACA9F1270399022319C500B7B36541451025623E675011D9364C10864378EDDA68C1C1D4EB0A4E9C4DDF29744284F7364711375290999591445DD2670953A45BE86C2CD146631D05637FF4FE8C444B7EAACF8A4286E3533F08CF4E10DD81EFA3FB6EF82E7047D1E97BD70FC4E87C761A45813FE37016A80D2100A932CE0FCE863E59CB44CAC63AD895E95CDA647BEAEDE014184F6B1E25A967B20FB5882C6DE02AA7BA7045045D80D50512F9D323A0F6EC0ECEDCD2775E3310E5EC6C2987B603458A01BD23FE786A86F7020D95AF8E040395960A8DAB4B1A97D5510467F375F3950243136899DBEA66FE15AD903FE27EAA6DF50CA268023A6D15B4AB194A4276834ACDB5FCACEAD79A54B38CE2DFD489B033EEB4BA7DD872E5CA618EBFBCBAA0CA902D67C389E585CE956123770A624C72283B9ECB428DC079566FA02A278FB5696238D5D27DBED6721EB3ED7D8AE6A297A476AFE50B4975BD8AB85442CFD11EA0D67AF090E25CAB22AF2A5C7A7E41BFCBDB0BA2AD7718776D75378DBA394C38E5C3D510D0AF771B5BBB3BC9EB7D316AAFFEF339B3454BA4DED8B7F470BB2757D14CDB20A37D4BB0DED83748E4B027D8E289B661C2BA9678B5DE374B70DE926B203B5FE6EEC9C2C050F342D9586975CBCEFF15E96B5C28324602FAE14243965629477255FE9079B504347B9BBF0176E3CB4D250D0000,NULL,'2019-02-20 12:21:58',1,'ConceptMap',1,NULL),(52,NULL,'JSONC','DSTU3',0x01,'2019-02-20 14:37:10',0x1F8B0800000000000000AD53CB6EDB3010FC1596875E6A5192A5FAA1A601FA00DA000502D4467B4872A0A5954580220572E5070CFF7B57B49D1A45D0534E0497E4CCECCCF2C01D78DBBB1296FB0E78C17F49DDC302908F38C20E7971E01E25F69ECED660C049848A0E2BB5A1CA0D2D6CD76AE33F3EF206B12BE278BBDD8A6D26AC5BC7E97C3E8F770DB6FA91DFBE8922B630AAEBA062B575ECB3838DC23D8BA2B76BFC701313D42D3F8E38B182F1CA1A5E3C1C78EF34F19CA11B3D0DB875A35CBC40D797D83BF80AB5320AE945EC2FB5EAB916ADA4D616A3731723BE091DA253664DC87786B4B412D50688FC35F8EAB6BDB0DC198435385EBC7F1DE8EDFA82FCC556435AD6F2E3D3E83FC8973863BBF2E03632C004044905830EA427A7475C55B453B51AD492ED7EEF115A02ED9D2914605DB8BA2CB2F96C7251703EB3AA2AC6229D88599E8854A469369B652217937C2C3291CDD3207003EE9428CF045D230C23DB01E2FEAF2C16B4B24F4117FB7911F63C7D9593F53096B0EBC0A9962E49EA9A5C029A469A4ABA324ED26994E4513A5F26D322CF8B3C7B97264592D0B3AE5F69E59BA13FFEFDC7940DD9381398A56611BB77158964D254EC4A9467BFBFD1E3D2125B89C11A040DA56DFFB5495F19F3421264C3604405BE74AAC39319CB4679161E310FC842D2E01936A7BDAD594939FBF05DCE01ED696CC38553726CDBECC37670A5A4AF4975DF6B64CA5CB72102C9C3EE891161ABBC271411FA6A3BEB61F8E5CA94BA1F86EABAAD97468ABC96D1697AA2F3F8506FC73F738CC84C4A040000,NULL,'2019-02-20 14:37:10',52,'ValueSet',1,NULL),(102,NULL,'JSONC','DSTU3',0x01,'2019-02-20 15:15:48',0x1F8B0800000000000000AD53CB6EDB3010FC1596875E6A5192A5FAA1A601FA00DA000502D4467B4872A0A5954580220572E5070CFF7B57B49D1A45D0534E0497E4CCECCCF2C01D78DBBB1296FB0E78C17F49DDC302908F38C20E7971E01E25F69ECED660C049848A0E2BB5A1CA0D2D6CD76AE33F3EF206B12BE278BBDD8A6D26AC5BC7E97C3E8F770DB6FA91DFBE8922B630AAEBA062B575ECB3838DC23D8BA2B76BFC701313D42D3F8E38B182F1CA1A5E3C1C78EF34F19CA11B3D0DB875A35CBC40D797D83BF80AB5320AE945EC2FB5EAB916ADA4D616A3731723BE091DA253664DC87786B4B412D50688FC35F8EAB6BDB0DC198435385EBC7F1DE8EDFA82FCC556435AD6F2E3D3E83FC8973863BBF2E03632C004044905830EA427A7475C55B453B51AD492ED7EEF115A02ED9D2914605DB8BA2CB2F96C7251703EB3AA2AC6229D88599E8854A469369B652217937C2C3291CDD3207003EE9428CF045D230C23DB01E2FEAF2C16B4B24F4117FB7911F63C7D9593F53096B0EBC0A9962E49EA9A5C029A469A4ABA324ED26994E4513A5F26D322CF8B3C7B97264592D0B3AE5F69E59BA13FFEFDC7940DD9381398A56611BB77158964D254EC4A9467BFBFD1E3D2125B89C11A040DA56DFFB5495F19F3421264C3604405BE74AAC39319CB4679161E310FC842D2E01936A7BDAD594939FBF05DCE01ED696CC38553726CDBECC37670A5A4AF4975DF6B64CA5CB72102C9C3EE891161ABBC271411FA6A3BEB61F8E5CA94BA1F86EABAAD97468ABC96D1697AA2F3F8506FC73F738CC84C4A040000,NULL,'2019-02-20 15:15:48',102,'ValueSet',1,NULL),(152,NULL,'JSONC','DSTU3',0x01,'2019-02-20 15:44:43',0x1F8B0800000000000000AD53CB6EDB3010FC1596875E6A5192A5FAA1A601FA00DA000502D4467B4872A0A5954580220572E5070CFF7B57B49D1A45D0534E0497E4CCECCCF2C01D78DBBB1296FB0E78C17F49DDC302908F38C20E7971E01E25F69ECED660C049848A0E2BB5A1CA0D2D6CD76AE33F3EF206B12BE278BBDD8A6D26AC5BC7E97C3E8F770DB6FA91DFBE8922B630AAEBA062B575ECB3838DC23D8BA2B76BFC701313D42D3F8E38B182F1CA1A5E3C1C78EF34F19CA11B3D0DB875A35CBC40D797D83BF80AB5320AE945EC2FB5EAB916ADA4D616A3731723BE091DA253664DC87786B4B412D50688FC35F8EAB6BDB0DC198435385EBC7F1DE8EDFA82FCC556435AD6F2E3D3E83FC8973863BBF2E03632C004044905830EA427A7475C55B453B51AD492ED7EEF115A02ED9D2914605DB8BA2CB2F96C7251703EB3AA2AC6229D88599E8854A469369B652217937C2C3291CDD3207003EE9428CF045D230C23DB01E2FEAF2C16B4B24F4117FB7911F63C7D9593F53096B0EBC0A9962E49EA9A5C029A469A4ABA324ED26994E4513A5F26D322CF8B3C7B97264592D0B3AE5F69E59BA13FFEFDC7940DD9381398A56611BB77158964D254EC4A9467BFBFD1E3D2125B89C11A040DA56DFFB5495F19F3421264C3604405BE74AAC39319CB4679161E310FC842D2E01936A7BDAD594939FBF05DCE01ED696CC38553726CDBECC37670A5A4AF4975DF6B64CA5CB72102C9C3EE891161ABBC271411FA6A3BEB61F8E5CA94BA1F86EABAAD97468ABC96D1697AA2F3F8506FC73F738CC84C4A040000,NULL,'2019-02-20 15:44:43',152,'ValueSet',1,1);
/*!40000 ALTER TABLE `HFJ_RES_VER` ENABLE KEYS */;
UNLOCK TABLES;

--
-- Table structure for table `HFJ_SEARCH`
--

DROP TABLE IF EXISTS `HFJ_SEARCH`;
/*!40101 SET @saved_cs_client     = @@character_set_client */;
/*!40101 SET character_set_client = utf8 */;
CREATE TABLE `HFJ_SEARCH` (
  `PID` bigint(20) NOT NULL,
  `CREATED` datetime NOT NULL,
  `FAILURE_CODE` int(11) DEFAULT NULL,
  `FAILURE_MESSAGE` varchar(500) DEFAULT NULL,
  `LAST_UPDATED_HIGH` datetime DEFAULT NULL,
  `LAST_UPDATED_LOW` datetime DEFAULT NULL,
  `NUM_FOUND` int(11) NOT NULL,
  `PREFERRED_PAGE_SIZE` int(11) DEFAULT NULL,
  `RESOURCE_ID` bigint(20) DEFAULT NULL,
  `RESOURCE_TYPE` varchar(200) DEFAULT NULL,
  `SEARCH_LAST_RETURNED` datetime NOT NULL,
  `SEARCH_QUERY_STRING` longtext,
  `SEARCH_QUERY_STRING_HASH` int(11) DEFAULT NULL,
  `SEARCH_TYPE` int(11) NOT NULL,
  `SEARCH_STATUS` varchar(10) NOT NULL,
  `TOTAL_COUNT` int(11) DEFAULT NULL,
  `SEARCH_UUID` varchar(40) NOT NULL,
  `SEARCH_DELETED` bit(1) DEFAULT NULL,
  `SEARCH_PARAM_MAP` longblob,
  `OPTLOCK_VERSION` int(11) DEFAULT NULL,
  PRIMARY KEY (`PID`),
  UNIQUE KEY `IDX_SEARCH_UUID` (`SEARCH_UUID`),
  KEY `IDX_SEARCH_LASTRETURNED` (`SEARCH_LAST_RETURNED`),
  KEY `IDX_SEARCH_RESTYPE_HASHS` (`RESOURCE_TYPE`,`SEARCH_QUERY_STRING_HASH`,`CREATED`)
) ENGINE=MyISAM DEFAULT CHARSET=latin1;
/*!40101 SET character_set_client = @saved_cs_client */;

--
-- Dumping data for table `HFJ_SEARCH`
--

LOCK TABLES `HFJ_SEARCH` WRITE;
/*!40000 ALTER TABLE `HFJ_SEARCH` DISABLE KEYS */;
INSERT INTO `HFJ_SEARCH` VALUES (108,'2019-02-20 15:44:42',NULL,NULL,NULL,NULL,0,NULL,NULL,'CodeSystem','2019-02-20 15:44:42','?url=http%3A%2F%2Fhl7.org%2Ffhir%2Fdata-absent-reason',-1087336171,1,'FINISHED',0,'f9112e75-618b-498e-9b1a-7f564c3649fe',NULL,NULL,NULL),(107,'2019-02-20 15:41:29',NULL,NULL,NULL,NULL,0,NULL,NULL,'CodeSystem','2019-02-20 15:41:29','?url=http%3A%2F%2Fhl7.org%2Ffhir%2Fdata-absent-reason',-1087336171,1,'FINISHED',0,'2ba66afd-f5c6-47c6-b2d2-4784b3f35286',NULL,NULL,NULL),(105,'2019-02-20 15:14:46',NULL,NULL,NULL,NULL,0,NULL,NULL,'CodeSystem','2019-02-20 15:14:46','?url=http%3A%2F%2Fhl7.org%2Ffhir%2Fdata-absent-reason',-1087336171,1,'FINISHED',0,'109a9da1-06ba-412c-ac24-de614a86cc7a',NULL,NULL,NULL),(106,'2019-02-20 15:15:47',NULL,NULL,NULL,NULL,0,NULL,NULL,'CodeSystem','2019-02-20 15:15:47','?url=http%3A%2F%2Fhl7.org%2Ffhir%2Fdata-absent-reason',-1087336171,1,'FINISHED',0,'abb1ed0d-87b8-4c3b-a995-3c1886e408f3',NULL,NULL,NULL),(109,'2019-02-20 15:51:17',NULL,NULL,NULL,NULL,3,NULL,NULL,'ValueSet','2019-02-20 15:51:17','?',63,1,'FINISHED',3,'4fce5979-46a7-4d5c-a50f-1b565b42f583',NULL,NULL,NULL);
/*!40000 ALTER TABLE `HFJ_SEARCH` ENABLE KEYS */;
UNLOCK TABLES;

--
-- Table structure for table `HFJ_SEARCH_INCLUDE`
--

DROP TABLE IF EXISTS `HFJ_SEARCH_INCLUDE`;
/*!40101 SET @saved_cs_client     = @@character_set_client */;
/*!40101 SET character_set_client = utf8 */;
CREATE TABLE `HFJ_SEARCH_INCLUDE` (
  `PID` bigint(20) NOT NULL,
  `SEARCH_INCLUDE` varchar(200) NOT NULL,
  `INC_RECURSE` bit(1) NOT NULL,
  `REVINCLUDE` bit(1) NOT NULL,
  `SEARCH_PID` bigint(20) NOT NULL,
  PRIMARY KEY (`PID`),
  KEY `FK_SEARCHINC_SEARCH` (`SEARCH_PID`)
) ENGINE=MyISAM DEFAULT CHARSET=latin1;
/*!40101 SET character_set_client = @saved_cs_client */;

--
-- Dumping data for table `HFJ_SEARCH_INCLUDE`
--

LOCK TABLES `HFJ_SEARCH_INCLUDE` WRITE;
/*!40000 ALTER TABLE `HFJ_SEARCH_INCLUDE` DISABLE KEYS */;
/*!40000 ALTER TABLE `HFJ_SEARCH_INCLUDE` ENABLE KEYS */;
UNLOCK TABLES;

--
-- Table structure for table `HFJ_SEARCH_PARM`
--

DROP TABLE IF EXISTS `HFJ_SEARCH_PARM`;
/*!40101 SET @saved_cs_client     = @@character_set_client */;
/*!40101 SET character_set_client = utf8 */;
CREATE TABLE `HFJ_SEARCH_PARM` (
  `PID` bigint(20) NOT NULL,
  `PARAM_NAME` varchar(100) NOT NULL,
  `RES_TYPE` varchar(30) NOT NULL,
  PRIMARY KEY (`PID`),
  UNIQUE KEY `IDX_SEARCHPARM_RESTYPE_SPNAME` (`RES_TYPE`,`PARAM_NAME`)
) ENGINE=MyISAM DEFAULT CHARSET=latin1;
/*!40101 SET character_set_client = @saved_cs_client */;

--
-- Dumping data for table `HFJ_SEARCH_PARM`
--

LOCK TABLES `HFJ_SEARCH_PARM` WRITE;
/*!40000 ALTER TABLE `HFJ_SEARCH_PARM` DISABLE KEYS */;
/*!40000 ALTER TABLE `HFJ_SEARCH_PARM` ENABLE KEYS */;
UNLOCK TABLES;

--
-- Table structure for table `HFJ_SEARCH_RESULT`
--

DROP TABLE IF EXISTS `HFJ_SEARCH_RESULT`;
/*!40101 SET @saved_cs_client     = @@character_set_client */;
/*!40101 SET character_set_client = utf8 */;
CREATE TABLE `HFJ_SEARCH_RESULT` (
  `PID` bigint(20) NOT NULL,
  `SEARCH_ORDER` int(11) NOT NULL,
  `RESOURCE_PID` bigint(20) NOT NULL,
  `SEARCH_PID` bigint(20) NOT NULL,
  PRIMARY KEY (`PID`),
  UNIQUE KEY `IDX_SEARCHRES_ORDER` (`SEARCH_PID`,`SEARCH_ORDER`),
  KEY `FK_SEARCHRES_RES` (`RESOURCE_PID`)
) ENGINE=MyISAM DEFAULT CHARSET=latin1;
/*!40101 SET character_set_client = @saved_cs_client */;

--
-- Dumping data for table `HFJ_SEARCH_RESULT`
--

LOCK TABLES `HFJ_SEARCH_RESULT` WRITE;
/*!40000 ALTER TABLE `HFJ_SEARCH_RESULT` DISABLE KEYS */;
INSERT INTO `HFJ_SEARCH_RESULT` VALUES (52,0,52,109),(53,1,102,109),(54,2,152,109);
/*!40000 ALTER TABLE `HFJ_SEARCH_RESULT` ENABLE KEYS */;
UNLOCK TABLES;

--
-- Table structure for table `HFJ_SPIDX_COORDS`
--

DROP TABLE IF EXISTS `HFJ_SPIDX_COORDS`;
/*!40101 SET @saved_cs_client     = @@character_set_client */;
/*!40101 SET character_set_client = utf8 */;
CREATE TABLE `HFJ_SPIDX_COORDS` (
  `SP_ID` bigint(20) NOT NULL,
  `SP_MISSING` bit(1) DEFAULT NULL,
  `SP_NAME` varchar(100) NOT NULL,
  `RES_ID` bigint(20) DEFAULT NULL,
  `RES_TYPE` varchar(255) NOT NULL,
  `SP_UPDATED` datetime DEFAULT NULL,
  `SP_LATITUDE` double DEFAULT NULL,
  `SP_LONGITUDE` double DEFAULT NULL,
  `HASH_IDENTITY` bigint(20) DEFAULT NULL,
  PRIMARY KEY (`SP_ID`),
  KEY `IDX_SP_COORDS` (`RES_TYPE`,`SP_NAME`,`SP_LATITUDE`,`SP_LONGITUDE`),
  KEY `IDX_SP_COORDS_UPDATED` (`SP_UPDATED`),
  KEY `IDX_SP_COORDS_RESID` (`RES_ID`)
) ENGINE=MyISAM DEFAULT CHARSET=latin1;
/*!40101 SET character_set_client = @saved_cs_client */;

--
-- Dumping data for table `HFJ_SPIDX_COORDS`
--

LOCK TABLES `HFJ_SPIDX_COORDS` WRITE;
/*!40000 ALTER TABLE `HFJ_SPIDX_COORDS` DISABLE KEYS */;
/*!40000 ALTER TABLE `HFJ_SPIDX_COORDS` ENABLE KEYS */;
UNLOCK TABLES;

--
-- Table structure for table `HFJ_SPIDX_DATE`
--

DROP TABLE IF EXISTS `HFJ_SPIDX_DATE`;
/*!40101 SET @saved_cs_client     = @@character_set_client */;
/*!40101 SET character_set_client = utf8 */;
CREATE TABLE `HFJ_SPIDX_DATE` (
  `SP_ID` bigint(20) NOT NULL,
  `SP_MISSING` bit(1) DEFAULT NULL,
  `SP_NAME` varchar(100) NOT NULL,
  `RES_ID` bigint(20) DEFAULT NULL,
  `RES_TYPE` varchar(255) NOT NULL,
  `SP_UPDATED` datetime DEFAULT NULL,
  `SP_VALUE_HIGH` datetime DEFAULT NULL,
  `SP_VALUE_LOW` datetime DEFAULT NULL,
  `HASH_IDENTITY` bigint(20) DEFAULT NULL,
  PRIMARY KEY (`SP_ID`),
  KEY `IDX_SP_DATE` (`RES_TYPE`,`SP_NAME`,`SP_VALUE_LOW`,`SP_VALUE_HIGH`),
  KEY `IDX_SP_DATE_UPDATED` (`SP_UPDATED`),
  KEY `IDX_SP_DATE_RESID` (`RES_ID`)
) ENGINE=MyISAM DEFAULT CHARSET=latin1;
/*!40101 SET character_set_client = @saved_cs_client */;

--
-- Dumping data for table `HFJ_SPIDX_DATE`
--

LOCK TABLES `HFJ_SPIDX_DATE` WRITE;
/*!40000 ALTER TABLE `HFJ_SPIDX_DATE` DISABLE KEYS */;
INSERT INTO `HFJ_SPIDX_DATE` VALUES (1,0x00,'date',1,'ConceptMap','2019-02-20 12:21:58','2012-06-13 00:00:00','2012-06-13 00:00:00',NULL),(52,0x00,'date',52,'ValueSet','2019-02-20 14:37:10','2017-04-18 15:44:43','2017-04-18 15:44:43',NULL),(102,0x00,'date',102,'ValueSet','2019-02-20 15:15:48','2017-04-18 15:44:43','2017-04-18 15:44:43',NULL),(152,0x00,'date',152,'ValueSet','2019-02-20 15:44:43','2017-04-18 15:44:43','2017-04-18 15:44:43',NULL);
/*!40000 ALTER TABLE `HFJ_SPIDX_DATE` ENABLE KEYS */;
UNLOCK TABLES;

--
-- Table structure for table `HFJ_SPIDX_NUMBER`
--

DROP TABLE IF EXISTS `HFJ_SPIDX_NUMBER`;
/*!40101 SET @saved_cs_client     = @@character_set_client */;
/*!40101 SET character_set_client = utf8 */;
CREATE TABLE `HFJ_SPIDX_NUMBER` (
  `SP_ID` bigint(20) NOT NULL,
  `SP_MISSING` bit(1) DEFAULT NULL,
  `SP_NAME` varchar(100) NOT NULL,
  `RES_ID` bigint(20) DEFAULT NULL,
  `RES_TYPE` varchar(255) NOT NULL,
  `SP_UPDATED` datetime DEFAULT NULL,
  `SP_VALUE` decimal(19,2) DEFAULT NULL,
  `HASH_IDENTITY` bigint(20) DEFAULT NULL,
  PRIMARY KEY (`SP_ID`),
  KEY `IDX_SP_NUMBER` (`RES_TYPE`,`SP_NAME`,`SP_VALUE`),
  KEY `IDX_SP_NUMBER_UPDATED` (`SP_UPDATED`),
  KEY `IDX_SP_NUMBER_RESID` (`RES_ID`)
) ENGINE=MyISAM DEFAULT CHARSET=latin1;
/*!40101 SET character_set_client = @saved_cs_client */;

--
-- Dumping data for table `HFJ_SPIDX_NUMBER`
--

LOCK TABLES `HFJ_SPIDX_NUMBER` WRITE;
/*!40000 ALTER TABLE `HFJ_SPIDX_NUMBER` DISABLE KEYS */;
/*!40000 ALTER TABLE `HFJ_SPIDX_NUMBER` ENABLE KEYS */;
UNLOCK TABLES;

--
-- Table structure for table `HFJ_SPIDX_QUANTITY`
--

DROP TABLE IF EXISTS `HFJ_SPIDX_QUANTITY`;
/*!40101 SET @saved_cs_client     = @@character_set_client */;
/*!40101 SET character_set_client = utf8 */;
CREATE TABLE `HFJ_SPIDX_QUANTITY` (
  `SP_ID` bigint(20) NOT NULL,
  `SP_MISSING` bit(1) DEFAULT NULL,
  `SP_NAME` varchar(100) NOT NULL,
  `RES_ID` bigint(20) DEFAULT NULL,
  `RES_TYPE` varchar(255) NOT NULL,
  `SP_UPDATED` datetime DEFAULT NULL,
  `SP_SYSTEM` varchar(200) DEFAULT NULL,
  `SP_UNITS` varchar(200) DEFAULT NULL,
  `SP_VALUE` decimal(19,2) DEFAULT NULL,
  `HASH_UNITS_AND_VALPREFIX` bigint(20) DEFAULT NULL,
  `HASH_VALPREFIX` bigint(20) DEFAULT NULL,
  `HASH_IDENTITY` bigint(20) DEFAULT NULL,
  `HASH_IDENTITY_AND_UNITS` bigint(20) DEFAULT NULL,
  `HASH_IDENTITY_SYS_UNITS` bigint(20) DEFAULT NULL,
  PRIMARY KEY (`SP_ID`),
  KEY `IDX_SP_QUANTITY` (`RES_TYPE`,`SP_NAME`,`SP_SYSTEM`,`SP_UNITS`,`SP_VALUE`),
  KEY `IDX_SP_QUANTITY_UPDATED` (`SP_UPDATED`),
  KEY `IDX_SP_QUANTITY_RESID` (`RES_ID`)
) ENGINE=MyISAM DEFAULT CHARSET=latin1;
/*!40101 SET character_set_client = @saved_cs_client */;

--
-- Dumping data for table `HFJ_SPIDX_QUANTITY`
--

LOCK TABLES `HFJ_SPIDX_QUANTITY` WRITE;
/*!40000 ALTER TABLE `HFJ_SPIDX_QUANTITY` DISABLE KEYS */;
/*!40000 ALTER TABLE `HFJ_SPIDX_QUANTITY` ENABLE KEYS */;
UNLOCK TABLES;

--
-- Table structure for table `HFJ_SPIDX_STRING`
--

DROP TABLE IF EXISTS `HFJ_SPIDX_STRING`;
/*!40101 SET @saved_cs_client     = @@character_set_client */;
/*!40101 SET character_set_client = utf8 */;
CREATE TABLE `HFJ_SPIDX_STRING` (
  `SP_ID` bigint(20) NOT NULL,
  `SP_MISSING` bit(1) DEFAULT NULL,
  `SP_NAME` varchar(100) NOT NULL,
  `RES_ID` bigint(20) DEFAULT NULL,
  `RES_TYPE` varchar(255) NOT NULL,
  `SP_UPDATED` datetime DEFAULT NULL,
  `SP_VALUE_EXACT` varchar(200) DEFAULT NULL,
  `SP_VALUE_NORMALIZED` varchar(200) DEFAULT NULL,
  `HASH_EXACT` bigint(20) DEFAULT NULL,
  `HASH_NORM_PREFIX` bigint(20) DEFAULT NULL,
  `HASH_IDENTITY` bigint(20) DEFAULT NULL,
  PRIMARY KEY (`SP_ID`),
  KEY `IDX_SP_STRING` (`RES_TYPE`,`SP_NAME`,`SP_VALUE_NORMALIZED`),
  KEY `IDX_SP_STRING_UPDATED` (`SP_UPDATED`),
  KEY `IDX_SP_STRING_RESID` (`RES_ID`)
) ENGINE=MyISAM DEFAULT CHARSET=latin1;
/*!40101 SET character_set_client = @saved_cs_client */;

--
-- Dumping data for table `HFJ_SPIDX_STRING`
--

LOCK TABLES `HFJ_SPIDX_STRING` WRITE;
/*!40000 ALTER TABLE `HFJ_SPIDX_STRING` DISABLE KEYS */;
INSERT INTO `HFJ_SPIDX_STRING` VALUES (1,0x00,'name',1,'ConceptMap','2019-02-20 12:21:58','FHIR-v3-Address-Use','FHIR-V3-ADDRESS-USE',-3937446176795548363,-2617419571628981237,NULL),(2,0x00,'description',1,'ConceptMap','2019-02-20 12:21:58','A mapping between the FHIR and HL7 v3 AddressUse Code systems','A MAPPING BETWEEN THE FHIR AND HL7 V3 ADDRESSUSE CODE SYSTEMS',-2745618032682377087,8950441117619976105,NULL),(3,0x00,'publisher',1,'ConceptMap','2019-02-20 12:21:58','HL7, Inc','HL7, INC',-4724713858773036891,2879075963879947067,NULL),(4,0x00,'title',1,'ConceptMap','2019-02-20 12:21:58','FHIR/v3 Address Use Mapping','FHIR/V3 ADDRESS USE MAPPING',7876038205939655196,-904814074626212414,NULL),(52,0x00,'name',52,'ValueSet','2019-02-20 14:37:10','Observation Value Absent Reason','OBSERVATION VALUE ABSENT REASON',664676065760302692,-4003032230173504860,NULL),(53,0x00,'publisher',52,'ValueSet','2019-02-20 14:37:10','HL7 International - Orders and Observations WG','HL7 INTERNATIONAL - ORDERS AND OBSERVATIONS WG',2712628418204588197,-6819390630712792642,NULL),(54,0x00,'description',52,'ValueSet','2019-02-20 14:37:10','This value set defines the set of codes for identifying the reason why the expected result in Observation.value[x] is missing.','THIS VALUE SET DEFINES THE SET OF CODES FOR IDENTIFYING THE REASON WHY THE EXPECTED RESULT IN OBSERVATION.VALUE[X] IS MISSING.',883186230013250323,-7658377362571308925,NULL),(102,0x00,'description',102,'ValueSet','2019-02-20 15:15:48','This value set defines the set of codes for identifying the reason why the expected result in Observation.value[x] is missing.','THIS VALUE SET DEFINES THE SET OF CODES FOR IDENTIFYING THE REASON WHY THE EXPECTED RESULT IN OBSERVATION.VALUE[X] IS MISSING.',883186230013250323,-7658377362571308925,NULL),(103,0x00,'name',102,'ValueSet','2019-02-20 15:15:48','Observation Value Absent Reason','OBSERVATION VALUE ABSENT REASON',664676065760302692,-4003032230173504860,NULL),(104,0x00,'publisher',102,'ValueSet','2019-02-20 15:15:48','HL7 International - Orders and Observations WG','HL7 INTERNATIONAL - ORDERS AND OBSERVATIONS WG',2712628418204588197,-6819390630712792642,NULL),(152,0x00,'description',152,'ValueSet','2019-02-20 15:44:43','This value set defines the set of codes for identifying the reason why the expected result in Observation.value[x] is missing.','THIS VALUE SET DEFINES THE SET OF CODES FOR IDENTIFYING THE REASON WHY THE EXPECTED RESULT IN OBSERVATION.VALUE[X] IS MISSING.',883186230013250323,-7658377362571308925,NULL),(153,0x00,'publisher',152,'ValueSet','2019-02-20 15:44:43','HL7 International - Orders and Observations WG','HL7 INTERNATIONAL - ORDERS AND OBSERVATIONS WG',2712628418204588197,-6819390630712792642,NULL),(154,0x00,'name',152,'ValueSet','2019-02-20 15:44:43','Observation Value Absent Reason','OBSERVATION VALUE ABSENT REASON',664676065760302692,-4003032230173504860,NULL);
/*!40000 ALTER TABLE `HFJ_SPIDX_STRING` ENABLE KEYS */;
UNLOCK TABLES;

--
-- Table structure for table `HFJ_SPIDX_TOKEN`
--

DROP TABLE IF EXISTS `HFJ_SPIDX_TOKEN`;
/*!40101 SET @saved_cs_client     = @@character_set_client */;
/*!40101 SET character_set_client = utf8 */;
CREATE TABLE `HFJ_SPIDX_TOKEN` (
  `SP_ID` bigint(20) NOT NULL,
  `SP_MISSING` bit(1) DEFAULT NULL,
  `SP_NAME` varchar(100) NOT NULL,
  `RES_ID` bigint(20) DEFAULT NULL,
  `RES_TYPE` varchar(255) NOT NULL,
  `SP_UPDATED` datetime DEFAULT NULL,
  `SP_SYSTEM` varchar(200) DEFAULT NULL,
  `SP_VALUE` varchar(200) DEFAULT NULL,
  `HASH_SYS` bigint(20) DEFAULT NULL,
  `HASH_SYS_AND_VALUE` bigint(20) DEFAULT NULL,
  `HASH_VALUE` bigint(20) DEFAULT NULL,
  `HASH_IDENTITY` bigint(20) DEFAULT NULL,
  PRIMARY KEY (`SP_ID`),
  KEY `IDX_SP_TOKEN` (`RES_TYPE`,`SP_NAME`,`SP_SYSTEM`,`SP_VALUE`),
  KEY `IDX_SP_TOKEN_UNQUAL` (`RES_TYPE`,`SP_NAME`,`SP_VALUE`),
  KEY `IDX_SP_TOKEN_UPDATED` (`SP_UPDATED`),
  KEY `IDX_SP_TOKEN_RESID` (`RES_ID`)
) ENGINE=MyISAM DEFAULT CHARSET=latin1;
/*!40101 SET character_set_client = @saved_cs_client */;

--
-- Dumping data for table `HFJ_SPIDX_TOKEN`
--

LOCK TABLES `HFJ_SPIDX_TOKEN` WRITE;
/*!40000 ALTER TABLE `HFJ_SPIDX_TOKEN` DISABLE KEYS */;
INSERT INTO `HFJ_SPIDX_TOKEN` VALUES (1,0x00,'source-code',1,'ConceptMap','2019-02-20 12:21:58',NULL,'old',1973711890535267066,740735071115129877,2878896428586126673,NULL),(2,0x00,'target-code',1,'ConceptMap','2019-02-20 12:21:58',NULL,'WP',-7469891536249511141,-9043184576209480246,-573118346334988614,NULL),(3,0x00,'target-code',1,'ConceptMap','2019-02-20 12:21:58',NULL,'TMP',-7469891536249511141,6729932145571385276,8885314218219193394,NULL),(4,0x00,'target-code',1,'ConceptMap','2019-02-20 12:21:58',NULL,'BAD',-7469891536249511141,-8753294578124448818,3991984983384559006,NULL),(5,0x00,'version',1,'ConceptMap','2019-02-20 12:21:58',NULL,'20120613',-4938604428808430719,-4429872242992525578,-4412854411480523784,NULL),(6,0x00,'target-code',1,'ConceptMap','2019-02-20 12:21:58',NULL,'H',-7469891536249511141,-322068940101579862,4803133389235248984,NULL),(7,0x00,'identifier',1,'ConceptMap','2019-02-20 12:21:58','urn:ietf:rfc:3986','urn:uuid:53cd62ee-033e-414c-9f58-3ca97b5ffc3b',-6555711791193481557,-4733278582176139502,-5736278565237496136,NULL),(8,0x00,'source-code',1,'ConceptMap','2019-02-20 12:21:58',NULL,'temp',1973711890535267066,364629906623611206,1366180209714260527,NULL),(9,0x00,'source-code',1,'ConceptMap','2019-02-20 12:21:58',NULL,'work',1973711890535267066,5660923604948365829,744691549798852028,NULL),(10,0x00,'source-code',1,'ConceptMap','2019-02-20 12:21:58',NULL,'home',1973711890535267066,4548607825448119826,-3873924105246794693,NULL),(11,0x00,'status',1,'ConceptMap','2019-02-20 12:21:58','http://hl7.org/fhir/publication-status','draft',-6563367814422428915,-6755508862426877944,-3121171407806435875,NULL),(52,0x00,'status',52,'ValueSet','2019-02-20 14:37:10','http://hl7.org/fhir/publication-status','draft',-6277402941604036282,5914992820951966362,2588330731533057414,NULL),(53,0x00,'version',52,'ValueSet','2019-02-20 14:37:10',NULL,'3.0.1',6527257278400308245,-7375371267523445099,860395150613483979,NULL),(54,0x00,'identifier',52,'ValueSet','2019-02-20 14:37:10','urn:ietf:rfc:3986','urn:oid:2.16.840.1.113883.4.642.3.391',41018468769392641,-1264828956736724620,-2982115475372654821,NULL),(102,0x00,'status',102,'ValueSet','2019-02-20 15:15:48','http://hl7.org/fhir/publication-status','draft',-6277402941604036282,5914992820951966362,2588330731533057414,NULL),(103,0x00,'version',102,'ValueSet','2019-02-20 15:15:48',NULL,'3.0.1',6527257278400308245,-7375371267523445099,860395150613483979,NULL),(104,0x00,'identifier',102,'ValueSet','2019-02-20 15:15:48','urn:ietf:rfc:3986','urn:oid:2.16.840.1.113883.4.642.3.391',41018468769392641,-1264828956736724620,-2982115475372654821,NULL),(152,0x00,'status',152,'ValueSet','2019-02-20 15:44:43','http://hl7.org/fhir/publication-status','draft',-6277402941604036282,5914992820951966362,2588330731533057414,NULL),(153,0x00,'version',152,'ValueSet','2019-02-20 15:44:43',NULL,'3.0.1',6527257278400308245,-7375371267523445099,860395150613483979,NULL),(154,0x00,'identifier',152,'ValueSet','2019-02-20 15:44:43','urn:ietf:rfc:3986','urn:oid:2.16.840.1.113883.4.642.3.391',41018468769392641,-1264828956736724620,-2982115475372654821,NULL);
/*!40000 ALTER TABLE `HFJ_SPIDX_TOKEN` ENABLE KEYS */;
UNLOCK TABLES;

--
-- Table structure for table `HFJ_SPIDX_URI`
--

DROP TABLE IF EXISTS `HFJ_SPIDX_URI`;
/*!40101 SET @saved_cs_client     = @@character_set_client */;
/*!40101 SET character_set_client = utf8 */;
CREATE TABLE `HFJ_SPIDX_URI` (
  `SP_ID` bigint(20) NOT NULL,
  `SP_MISSING` bit(1) DEFAULT NULL,
  `SP_NAME` varchar(100) NOT NULL,
  `RES_ID` bigint(20) DEFAULT NULL,
  `RES_TYPE` varchar(255) NOT NULL,
  `SP_UPDATED` datetime DEFAULT NULL,
  `SP_URI` varchar(255) DEFAULT NULL,
  `HASH_URI` bigint(20) DEFAULT NULL,
  `HASH_IDENTITY` bigint(20) DEFAULT NULL,
  PRIMARY KEY (`SP_ID`),
  KEY `IDX_SP_URI` (`RES_TYPE`,`SP_NAME`,`SP_URI`),
  KEY `IDX_SP_URI_RESTYPE_NAME` (`RES_TYPE`,`SP_NAME`),
  KEY `IDX_SP_URI_UPDATED` (`SP_UPDATED`),
  KEY `IDX_SP_URI_COORDS` (`RES_ID`)
) ENGINE=MyISAM DEFAULT CHARSET=latin1;
/*!40101 SET character_set_client = @saved_cs_client */;

--
-- Dumping data for table `HFJ_SPIDX_URI`
--

LOCK TABLES `HFJ_SPIDX_URI` WRITE;
/*!40000 ALTER TABLE `HFJ_SPIDX_URI` DISABLE KEYS */;
INSERT INTO `HFJ_SPIDX_URI` VALUES (1,0x00,'source-system',1,'ConceptMap','2019-02-20 12:21:58','http://hl7.org/fhir/address-use',5774212378425871667,NULL),(2,0x00,'target-system',1,'ConceptMap','2019-02-20 12:21:58','http://hl7.org/fhir/v3/AddressUse',-5780271200638305139,NULL),(3,0x00,'url',1,'ConceptMap','2019-02-20 12:21:58','http://hl7.org/fhir/ConceptMap/101',-5848563826017729892,NULL),(52,0x00,'url',52,'ValueSet','2019-02-20 14:37:10','http://hl7.org/fhir/ValueSet/observation-valueabsentreason',-6781255900755775017,NULL),(53,0x00,'reference',52,'ValueSet','2019-02-20 14:37:10','http://hl7.org/fhir/data-absent-reason',-2910422958264182968,NULL),(102,0x00,'reference',102,'ValueSet','2019-02-20 15:15:48','http://hl7.org/fhir/data-absent-reason',-2910422958264182968,NULL),(103,0x00,'url',102,'ValueSet','2019-02-20 15:15:48','http://hl7.org/fhir/ValueSet/observation-valueabsentreason',-6781255900755775017,NULL),(152,0x00,'url',152,'ValueSet','2019-02-20 15:44:43','http://hl7.org/fhir/ValueSet/observation-valueabsentreason',-6781255900755775017,NULL),(153,0x00,'reference',152,'ValueSet','2019-02-20 15:44:43','http://hl7.org/fhir/data-absent-reason',-2910422958264182968,NULL);
/*!40000 ALTER TABLE `HFJ_SPIDX_URI` ENABLE KEYS */;
UNLOCK TABLES;

--
-- Table structure for table `HFJ_SUBSCRIPTION_STATS`
--

DROP TABLE IF EXISTS `HFJ_SUBSCRIPTION_STATS`;
/*!40101 SET @saved_cs_client     = @@character_set_client */;
/*!40101 SET character_set_client = utf8 */;
CREATE TABLE `HFJ_SUBSCRIPTION_STATS` (
  `PID` bigint(20) NOT NULL,
  `CREATED_TIME` datetime NOT NULL,
  `RES_ID` bigint(20) DEFAULT NULL,
  PRIMARY KEY (`PID`),
  UNIQUE KEY `IDX_SUBSC_RESID` (`RES_ID`)
) ENGINE=MyISAM DEFAULT CHARSET=latin1;
/*!40101 SET character_set_client = @saved_cs_client */;

--
-- Dumping data for table `HFJ_SUBSCRIPTION_STATS`
--

LOCK TABLES `HFJ_SUBSCRIPTION_STATS` WRITE;
/*!40000 ALTER TABLE `HFJ_SUBSCRIPTION_STATS` DISABLE KEYS */;
/*!40000 ALTER TABLE `HFJ_SUBSCRIPTION_STATS` ENABLE KEYS */;
UNLOCK TABLES;

--
-- Table structure for table `HFJ_TAG_DEF`
--

DROP TABLE IF EXISTS `HFJ_TAG_DEF`;
/*!40101 SET @saved_cs_client     = @@character_set_client */;
/*!40101 SET character_set_client = utf8 */;
CREATE TABLE `HFJ_TAG_DEF` (
  `TAG_ID` bigint(20) NOT NULL,
  `TAG_CODE` varchar(200) DEFAULT NULL,
  `TAG_DISPLAY` varchar(200) DEFAULT NULL,
  `myHashCode` int(11) DEFAULT NULL,
  `TAG_SYSTEM` varchar(200) DEFAULT NULL,
  `TAG_TYPE` int(11) NOT NULL,
  PRIMARY KEY (`TAG_ID`),
  UNIQUE KEY `IDX_TAGDEF_TYPESYSCODE` (`TAG_TYPE`,`TAG_SYSTEM`,`TAG_CODE`)
) ENGINE=MyISAM DEFAULT CHARSET=latin1;
/*!40101 SET character_set_client = @saved_cs_client */;

--
-- Dumping data for table `HFJ_TAG_DEF`
--

LOCK TABLES `HFJ_TAG_DEF` WRITE;
/*!40000 ALTER TABLE `HFJ_TAG_DEF` DISABLE KEYS */;
INSERT INTO `HFJ_TAG_DEF` VALUES (1,'http://hl7.org/fhir/StructureDefinition/shareablevalueset',NULL,NULL,'https://github.com/jamesagnew/hapi-fhir/ns/jpa/profile',1);
/*!40000 ALTER TABLE `HFJ_TAG_DEF` ENABLE KEYS */;
UNLOCK TABLES;

--
-- Table structure for table `SEQ_CNCPT_MAP_GRP_ELM_TGT_PID`
--

DROP TABLE IF EXISTS `SEQ_CNCPT_MAP_GRP_ELM_TGT_PID`;
/*!40101 SET @saved_cs_client     = @@character_set_client */;
/*!40101 SET character_set_client = utf8 */;
CREATE TABLE `SEQ_CNCPT_MAP_GRP_ELM_TGT_PID` (
  `next_val` bigint(20) DEFAULT NULL
) ENGINE=MyISAM DEFAULT CHARSET=utf8;
/*!40101 SET character_set_client = @saved_cs_client */;

--
-- Dumping data for table `SEQ_CNCPT_MAP_GRP_ELM_TGT_PID`
--

LOCK TABLES `SEQ_CNCPT_MAP_GRP_ELM_TGT_PID` WRITE;
/*!40000 ALTER TABLE `SEQ_CNCPT_MAP_GRP_ELM_TGT_PID` DISABLE KEYS */;
INSERT INTO `SEQ_CNCPT_MAP_GRP_ELM_TGT_PID` VALUES (101),(1),(1),(1);
/*!40000 ALTER TABLE `SEQ_CNCPT_MAP_GRP_ELM_TGT_PID` ENABLE KEYS */;
UNLOCK TABLES;

--
-- Table structure for table `SEQ_CODESYSTEMVER_PID`
--

DROP TABLE IF EXISTS `SEQ_CODESYSTEMVER_PID`;
/*!40101 SET @saved_cs_client     = @@character_set_client */;
/*!40101 SET character_set_client = utf8 */;
CREATE TABLE `SEQ_CODESYSTEMVER_PID` (
  `next_val` bigint(20) DEFAULT NULL
) ENGINE=MyISAM DEFAULT CHARSET=latin1;
/*!40101 SET character_set_client = @saved_cs_client */;

--
-- Dumping data for table `SEQ_CODESYSTEMVER_PID`
--

LOCK TABLES `SEQ_CODESYSTEMVER_PID` WRITE;
/*!40000 ALTER TABLE `SEQ_CODESYSTEMVER_PID` DISABLE KEYS */;
INSERT INTO `SEQ_CODESYSTEMVER_PID` VALUES (1);
/*!40000 ALTER TABLE `SEQ_CODESYSTEMVER_PID` ENABLE KEYS */;
UNLOCK TABLES;

--
-- Table structure for table `SEQ_CODESYSTEM_PID`
--

DROP TABLE IF EXISTS `SEQ_CODESYSTEM_PID`;
/*!40101 SET @saved_cs_client     = @@character_set_client */;
/*!40101 SET character_set_client = utf8 */;
CREATE TABLE `SEQ_CODESYSTEM_PID` (
  `next_val` bigint(20) DEFAULT NULL
) ENGINE=MyISAM DEFAULT CHARSET=latin1;
/*!40101 SET character_set_client = @saved_cs_client */;

--
-- Dumping data for table `SEQ_CODESYSTEM_PID`
--

LOCK TABLES `SEQ_CODESYSTEM_PID` WRITE;
/*!40000 ALTER TABLE `SEQ_CODESYSTEM_PID` DISABLE KEYS */;
INSERT INTO `SEQ_CODESYSTEM_PID` VALUES (1);
/*!40000 ALTER TABLE `SEQ_CODESYSTEM_PID` ENABLE KEYS */;
UNLOCK TABLES;

--
-- Table structure for table `SEQ_CONCEPT_DESIG_PID`
--

DROP TABLE IF EXISTS `SEQ_CONCEPT_DESIG_PID`;
/*!40101 SET @saved_cs_client     = @@character_set_client */;
/*!40101 SET character_set_client = utf8 */;
CREATE TABLE `SEQ_CONCEPT_DESIG_PID` (
  `next_val` bigint(20) DEFAULT NULL
) ENGINE=MyISAM DEFAULT CHARSET=utf8;
/*!40101 SET character_set_client = @saved_cs_client */;

--
-- Dumping data for table `SEQ_CONCEPT_DESIG_PID`
--

LOCK TABLES `SEQ_CONCEPT_DESIG_PID` WRITE;
/*!40000 ALTER TABLE `SEQ_CONCEPT_DESIG_PID` DISABLE KEYS */;
/*!40000 ALTER TABLE `SEQ_CONCEPT_DESIG_PID` ENABLE KEYS */;
UNLOCK TABLES;

--
-- Table structure for table `SEQ_CONCEPT_MAP_GROUP_PID`
--

DROP TABLE IF EXISTS `SEQ_CONCEPT_MAP_GROUP_PID`;
/*!40101 SET @saved_cs_client     = @@character_set_client */;
/*!40101 SET character_set_client = utf8 */;
CREATE TABLE `SEQ_CONCEPT_MAP_GROUP_PID` (
  `next_val` bigint(20) DEFAULT NULL
) ENGINE=MyISAM DEFAULT CHARSET=utf8;
/*!40101 SET character_set_client = @saved_cs_client */;

--
-- Dumping data for table `SEQ_CONCEPT_MAP_GROUP_PID`
--

LOCK TABLES `SEQ_CONCEPT_MAP_GROUP_PID` WRITE;
/*!40000 ALTER TABLE `SEQ_CONCEPT_MAP_GROUP_PID` DISABLE KEYS */;
INSERT INTO `SEQ_CONCEPT_MAP_GROUP_PID` VALUES (101),(1),(1),(1);
/*!40000 ALTER TABLE `SEQ_CONCEPT_MAP_GROUP_PID` ENABLE KEYS */;
UNLOCK TABLES;

--
-- Table structure for table `SEQ_CONCEPT_MAP_GRP_ELM_PID`
--

DROP TABLE IF EXISTS `SEQ_CONCEPT_MAP_GRP_ELM_PID`;
/*!40101 SET @saved_cs_client     = @@character_set_client */;
/*!40101 SET character_set_client = utf8 */;
CREATE TABLE `SEQ_CONCEPT_MAP_GRP_ELM_PID` (
  `next_val` bigint(20) DEFAULT NULL
) ENGINE=MyISAM DEFAULT CHARSET=utf8;
/*!40101 SET character_set_client = @saved_cs_client */;

--
-- Dumping data for table `SEQ_CONCEPT_MAP_GRP_ELM_PID`
--

LOCK TABLES `SEQ_CONCEPT_MAP_GRP_ELM_PID` WRITE;
/*!40000 ALTER TABLE `SEQ_CONCEPT_MAP_GRP_ELM_PID` DISABLE KEYS */;
INSERT INTO `SEQ_CONCEPT_MAP_GRP_ELM_PID` VALUES (101),(1),(1),(1);
/*!40000 ALTER TABLE `SEQ_CONCEPT_MAP_GRP_ELM_PID` ENABLE KEYS */;
UNLOCK TABLES;

--
-- Table structure for table `SEQ_CONCEPT_MAP_PID`
--

DROP TABLE IF EXISTS `SEQ_CONCEPT_MAP_PID`;
/*!40101 SET @saved_cs_client     = @@character_set_client */;
/*!40101 SET character_set_client = utf8 */;
CREATE TABLE `SEQ_CONCEPT_MAP_PID` (
  `next_val` bigint(20) DEFAULT NULL
) ENGINE=MyISAM DEFAULT CHARSET=utf8;
/*!40101 SET character_set_client = @saved_cs_client */;

--
-- Dumping data for table `SEQ_CONCEPT_MAP_PID`
--

LOCK TABLES `SEQ_CONCEPT_MAP_PID` WRITE;
/*!40000 ALTER TABLE `SEQ_CONCEPT_MAP_PID` DISABLE KEYS */;
INSERT INTO `SEQ_CONCEPT_MAP_PID` VALUES (101),(1),(1),(1);
/*!40000 ALTER TABLE `SEQ_CONCEPT_MAP_PID` ENABLE KEYS */;
UNLOCK TABLES;

--
-- Table structure for table `SEQ_CONCEPT_PC_PID`
--

DROP TABLE IF EXISTS `SEQ_CONCEPT_PC_PID`;
/*!40101 SET @saved_cs_client     = @@character_set_client */;
/*!40101 SET character_set_client = utf8 */;
CREATE TABLE `SEQ_CONCEPT_PC_PID` (
  `next_val` bigint(20) DEFAULT NULL
) ENGINE=MyISAM DEFAULT CHARSET=latin1;
/*!40101 SET character_set_client = @saved_cs_client */;

--
-- Dumping data for table `SEQ_CONCEPT_PC_PID`
--

LOCK TABLES `SEQ_CONCEPT_PC_PID` WRITE;
/*!40000 ALTER TABLE `SEQ_CONCEPT_PC_PID` DISABLE KEYS */;
INSERT INTO `SEQ_CONCEPT_PC_PID` VALUES (1);
/*!40000 ALTER TABLE `SEQ_CONCEPT_PC_PID` ENABLE KEYS */;
UNLOCK TABLES;

--
-- Table structure for table `SEQ_CONCEPT_PID`
--

DROP TABLE IF EXISTS `SEQ_CONCEPT_PID`;
/*!40101 SET @saved_cs_client     = @@character_set_client */;
/*!40101 SET character_set_client = utf8 */;
CREATE TABLE `SEQ_CONCEPT_PID` (
  `next_val` bigint(20) DEFAULT NULL
) ENGINE=MyISAM DEFAULT CHARSET=latin1;
/*!40101 SET character_set_client = @saved_cs_client */;

--
-- Dumping data for table `SEQ_CONCEPT_PID`
--

LOCK TABLES `SEQ_CONCEPT_PID` WRITE;
/*!40000 ALTER TABLE `SEQ_CONCEPT_PID` DISABLE KEYS */;
INSERT INTO `SEQ_CONCEPT_PID` VALUES (1);
/*!40000 ALTER TABLE `SEQ_CONCEPT_PID` ENABLE KEYS */;
UNLOCK TABLES;

--
-- Table structure for table `SEQ_CONCEPT_PROP_PID`
--

DROP TABLE IF EXISTS `SEQ_CONCEPT_PROP_PID`;
/*!40101 SET @saved_cs_client     = @@character_set_client */;
/*!40101 SET character_set_client = utf8 */;
CREATE TABLE `SEQ_CONCEPT_PROP_PID` (
  `next_val` bigint(20) DEFAULT NULL
) ENGINE=MyISAM DEFAULT CHARSET=latin1;
/*!40101 SET character_set_client = @saved_cs_client */;

--
-- Dumping data for table `SEQ_CONCEPT_PROP_PID`
--

LOCK TABLES `SEQ_CONCEPT_PROP_PID` WRITE;
/*!40000 ALTER TABLE `SEQ_CONCEPT_PROP_PID` DISABLE KEYS */;
INSERT INTO `SEQ_CONCEPT_PROP_PID` VALUES (1);
/*!40000 ALTER TABLE `SEQ_CONCEPT_PROP_PID` ENABLE KEYS */;
UNLOCK TABLES;

--
-- Table structure for table `SEQ_FORCEDID_ID`
--

DROP TABLE IF EXISTS `SEQ_FORCEDID_ID`;
/*!40101 SET @saved_cs_client     = @@character_set_client */;
/*!40101 SET character_set_client = utf8 */;
CREATE TABLE `SEQ_FORCEDID_ID` (
  `next_val` bigint(20) DEFAULT NULL
) ENGINE=MyISAM DEFAULT CHARSET=latin1;
/*!40101 SET character_set_client = @saved_cs_client */;

--
-- Dumping data for table `SEQ_FORCEDID_ID`
--

LOCK TABLES `SEQ_FORCEDID_ID` WRITE;
/*!40000 ALTER TABLE `SEQ_FORCEDID_ID` DISABLE KEYS */;
INSERT INTO `SEQ_FORCEDID_ID` VALUES (101);
/*!40000 ALTER TABLE `SEQ_FORCEDID_ID` ENABLE KEYS */;
UNLOCK TABLES;

--
-- Table structure for table `SEQ_HISTORYTAG_ID`
--

DROP TABLE IF EXISTS `SEQ_HISTORYTAG_ID`;
/*!40101 SET @saved_cs_client     = @@character_set_client */;
/*!40101 SET character_set_client = utf8 */;
CREATE TABLE `SEQ_HISTORYTAG_ID` (
  `next_val` bigint(20) DEFAULT NULL
) ENGINE=MyISAM DEFAULT CHARSET=latin1;
/*!40101 SET character_set_client = @saved_cs_client */;

--
-- Dumping data for table `SEQ_HISTORYTAG_ID`
--

LOCK TABLES `SEQ_HISTORYTAG_ID` WRITE;
/*!40000 ALTER TABLE `SEQ_HISTORYTAG_ID` DISABLE KEYS */;
INSERT INTO `SEQ_HISTORYTAG_ID` VALUES (201);
/*!40000 ALTER TABLE `SEQ_HISTORYTAG_ID` ENABLE KEYS */;
UNLOCK TABLES;

--
-- Table structure for table `SEQ_IDXCMPSTRUNIQ_ID`
--

DROP TABLE IF EXISTS `SEQ_IDXCMPSTRUNIQ_ID`;
/*!40101 SET @saved_cs_client     = @@character_set_client */;
/*!40101 SET character_set_client = utf8 */;
CREATE TABLE `SEQ_IDXCMPSTRUNIQ_ID` (
  `next_val` bigint(20) DEFAULT NULL
) ENGINE=MyISAM DEFAULT CHARSET=latin1;
/*!40101 SET character_set_client = @saved_cs_client */;

--
-- Dumping data for table `SEQ_IDXCMPSTRUNIQ_ID`
--

LOCK TABLES `SEQ_IDXCMPSTRUNIQ_ID` WRITE;
/*!40000 ALTER TABLE `SEQ_IDXCMPSTRUNIQ_ID` DISABLE KEYS */;
INSERT INTO `SEQ_IDXCMPSTRUNIQ_ID` VALUES (1);
/*!40000 ALTER TABLE `SEQ_IDXCMPSTRUNIQ_ID` ENABLE KEYS */;
UNLOCK TABLES;

--
-- Table structure for table `SEQ_RESLINK_ID`
--

DROP TABLE IF EXISTS `SEQ_RESLINK_ID`;
/*!40101 SET @saved_cs_client     = @@character_set_client */;
/*!40101 SET character_set_client = utf8 */;
CREATE TABLE `SEQ_RESLINK_ID` (
  `next_val` bigint(20) DEFAULT NULL
) ENGINE=MyISAM DEFAULT CHARSET=latin1;
/*!40101 SET character_set_client = @saved_cs_client */;

--
-- Dumping data for table `SEQ_RESLINK_ID`
--

LOCK TABLES `SEQ_RESLINK_ID` WRITE;
/*!40000 ALTER TABLE `SEQ_RESLINK_ID` DISABLE KEYS */;
INSERT INTO `SEQ_RESLINK_ID` VALUES (1);
/*!40000 ALTER TABLE `SEQ_RESLINK_ID` ENABLE KEYS */;
UNLOCK TABLES;

--
-- Table structure for table `SEQ_RESOURCE_HISTORY_ID`
--

DROP TABLE IF EXISTS `SEQ_RESOURCE_HISTORY_ID`;
/*!40101 SET @saved_cs_client     = @@character_set_client */;
/*!40101 SET character_set_client = utf8 */;
CREATE TABLE `SEQ_RESOURCE_HISTORY_ID` (
  `next_val` bigint(20) DEFAULT NULL
) ENGINE=MyISAM DEFAULT CHARSET=latin1;
/*!40101 SET character_set_client = @saved_cs_client */;

--
-- Dumping data for table `SEQ_RESOURCE_HISTORY_ID`
--

LOCK TABLES `SEQ_RESOURCE_HISTORY_ID` WRITE;
/*!40000 ALTER TABLE `SEQ_RESOURCE_HISTORY_ID` DISABLE KEYS */;
INSERT INTO `SEQ_RESOURCE_HISTORY_ID` VALUES (251);
/*!40000 ALTER TABLE `SEQ_RESOURCE_HISTORY_ID` ENABLE KEYS */;
UNLOCK TABLES;

--
-- Table structure for table `SEQ_RESOURCE_ID`
--

DROP TABLE IF EXISTS `SEQ_RESOURCE_ID`;
/*!40101 SET @saved_cs_client     = @@character_set_client */;
/*!40101 SET character_set_client = utf8 */;
CREATE TABLE `SEQ_RESOURCE_ID` (
  `next_val` bigint(20) DEFAULT NULL
) ENGINE=MyISAM DEFAULT CHARSET=latin1;
/*!40101 SET character_set_client = @saved_cs_client */;

--
-- Dumping data for table `SEQ_RESOURCE_ID`
--

LOCK TABLES `SEQ_RESOURCE_ID` WRITE;
/*!40000 ALTER TABLE `SEQ_RESOURCE_ID` DISABLE KEYS */;
INSERT INTO `SEQ_RESOURCE_ID` VALUES (251);
/*!40000 ALTER TABLE `SEQ_RESOURCE_ID` ENABLE KEYS */;
UNLOCK TABLES;

--
-- Table structure for table `SEQ_RESPARMPRESENT_ID`
--

DROP TABLE IF EXISTS `SEQ_RESPARMPRESENT_ID`;
/*!40101 SET @saved_cs_client     = @@character_set_client */;
/*!40101 SET character_set_client = utf8 */;
CREATE TABLE `SEQ_RESPARMPRESENT_ID` (
  `next_val` bigint(20) DEFAULT NULL
) ENGINE=MyISAM DEFAULT CHARSET=latin1;
/*!40101 SET character_set_client = @saved_cs_client */;

--
-- Dumping data for table `SEQ_RESPARMPRESENT_ID`
--

LOCK TABLES `SEQ_RESPARMPRESENT_ID` WRITE;
/*!40000 ALTER TABLE `SEQ_RESPARMPRESENT_ID` DISABLE KEYS */;
INSERT INTO `SEQ_RESPARMPRESENT_ID` VALUES (1);
/*!40000 ALTER TABLE `SEQ_RESPARMPRESENT_ID` ENABLE KEYS */;
UNLOCK TABLES;

--
-- Table structure for table `SEQ_RESTAG_ID`
--

DROP TABLE IF EXISTS `SEQ_RESTAG_ID`;
/*!40101 SET @saved_cs_client     = @@character_set_client */;
/*!40101 SET character_set_client = utf8 */;
CREATE TABLE `SEQ_RESTAG_ID` (
  `next_val` bigint(20) DEFAULT NULL
) ENGINE=MyISAM DEFAULT CHARSET=latin1;
/*!40101 SET character_set_client = @saved_cs_client */;

--
-- Dumping data for table `SEQ_RESTAG_ID`
--

LOCK TABLES `SEQ_RESTAG_ID` WRITE;
/*!40000 ALTER TABLE `SEQ_RESTAG_ID` DISABLE KEYS */;
INSERT INTO `SEQ_RESTAG_ID` VALUES (201);
/*!40000 ALTER TABLE `SEQ_RESTAG_ID` ENABLE KEYS */;
UNLOCK TABLES;

--
-- Table structure for table `SEQ_RES_REINDEX_JOB`
--

DROP TABLE IF EXISTS `SEQ_RES_REINDEX_JOB`;
/*!40101 SET @saved_cs_client     = @@character_set_client */;
/*!40101 SET character_set_client = utf8 */;
CREATE TABLE `SEQ_RES_REINDEX_JOB` (
  `next_val` bigint(20) DEFAULT NULL
) ENGINE=InnoDB DEFAULT CHARSET=utf8;
/*!40101 SET character_set_client = @saved_cs_client */;

--
-- Dumping data for table `SEQ_RES_REINDEX_JOB`
--

LOCK TABLES `SEQ_RES_REINDEX_JOB` WRITE;
/*!40000 ALTER TABLE `SEQ_RES_REINDEX_JOB` DISABLE KEYS */;
INSERT INTO `SEQ_RES_REINDEX_JOB` VALUES (1),(1),(1);
/*!40000 ALTER TABLE `SEQ_RES_REINDEX_JOB` ENABLE KEYS */;
UNLOCK TABLES;

--
-- Table structure for table `SEQ_SEARCH`
--

DROP TABLE IF EXISTS `SEQ_SEARCH`;
/*!40101 SET @saved_cs_client     = @@character_set_client */;
/*!40101 SET character_set_client = utf8 */;
CREATE TABLE `SEQ_SEARCH` (
  `next_val` bigint(20) DEFAULT NULL
) ENGINE=MyISAM DEFAULT CHARSET=latin1;
/*!40101 SET character_set_client = @saved_cs_client */;

--
-- Dumping data for table `SEQ_SEARCH`
--

LOCK TABLES `SEQ_SEARCH` WRITE;
/*!40000 ALTER TABLE `SEQ_SEARCH` DISABLE KEYS */;
INSERT INTO `SEQ_SEARCH` VALUES (110);
/*!40000 ALTER TABLE `SEQ_SEARCH` ENABLE KEYS */;
UNLOCK TABLES;

--
-- Table structure for table `SEQ_SEARCHPARM_ID`
--

DROP TABLE IF EXISTS `SEQ_SEARCHPARM_ID`;
/*!40101 SET @saved_cs_client     = @@character_set_client */;
/*!40101 SET character_set_client = utf8 */;
CREATE TABLE `SEQ_SEARCHPARM_ID` (
  `next_val` bigint(20) DEFAULT NULL
) ENGINE=MyISAM DEFAULT CHARSET=latin1;
/*!40101 SET character_set_client = @saved_cs_client */;

--
-- Dumping data for table `SEQ_SEARCHPARM_ID`
--

LOCK TABLES `SEQ_SEARCHPARM_ID` WRITE;
/*!40000 ALTER TABLE `SEQ_SEARCHPARM_ID` DISABLE KEYS */;
INSERT INTO `SEQ_SEARCHPARM_ID` VALUES (1);
/*!40000 ALTER TABLE `SEQ_SEARCHPARM_ID` ENABLE KEYS */;
UNLOCK TABLES;

--
-- Table structure for table `SEQ_SEARCH_INC`
--

DROP TABLE IF EXISTS `SEQ_SEARCH_INC`;
/*!40101 SET @saved_cs_client     = @@character_set_client */;
/*!40101 SET character_set_client = utf8 */;
CREATE TABLE `SEQ_SEARCH_INC` (
  `next_val` bigint(20) DEFAULT NULL
) ENGINE=MyISAM DEFAULT CHARSET=latin1;
/*!40101 SET character_set_client = @saved_cs_client */;

--
-- Dumping data for table `SEQ_SEARCH_INC`
--

LOCK TABLES `SEQ_SEARCH_INC` WRITE;
/*!40000 ALTER TABLE `SEQ_SEARCH_INC` DISABLE KEYS */;
INSERT INTO `SEQ_SEARCH_INC` VALUES (1);
/*!40000 ALTER TABLE `SEQ_SEARCH_INC` ENABLE KEYS */;
UNLOCK TABLES;

--
-- Table structure for table `SEQ_SEARCH_RES`
--

DROP TABLE IF EXISTS `SEQ_SEARCH_RES`;
/*!40101 SET @saved_cs_client     = @@character_set_client */;
/*!40101 SET character_set_client = utf8 */;
CREATE TABLE `SEQ_SEARCH_RES` (
  `next_val` bigint(20) DEFAULT NULL
) ENGINE=MyISAM DEFAULT CHARSET=latin1;
/*!40101 SET character_set_client = @saved_cs_client */;

--
-- Dumping data for table `SEQ_SEARCH_RES`
--

LOCK TABLES `SEQ_SEARCH_RES` WRITE;
/*!40000 ALTER TABLE `SEQ_SEARCH_RES` DISABLE KEYS */;
INSERT INTO `SEQ_SEARCH_RES` VALUES (151);
/*!40000 ALTER TABLE `SEQ_SEARCH_RES` ENABLE KEYS */;
UNLOCK TABLES;

--
-- Table structure for table `SEQ_SPIDX_COORDS`
--

DROP TABLE IF EXISTS `SEQ_SPIDX_COORDS`;
/*!40101 SET @saved_cs_client     = @@character_set_client */;
/*!40101 SET character_set_client = utf8 */;
CREATE TABLE `SEQ_SPIDX_COORDS` (
  `next_val` bigint(20) DEFAULT NULL
) ENGINE=MyISAM DEFAULT CHARSET=latin1;
/*!40101 SET character_set_client = @saved_cs_client */;

--
-- Dumping data for table `SEQ_SPIDX_COORDS`
--

LOCK TABLES `SEQ_SPIDX_COORDS` WRITE;
/*!40000 ALTER TABLE `SEQ_SPIDX_COORDS` DISABLE KEYS */;
INSERT INTO `SEQ_SPIDX_COORDS` VALUES (1);
/*!40000 ALTER TABLE `SEQ_SPIDX_COORDS` ENABLE KEYS */;
UNLOCK TABLES;

--
-- Table structure for table `SEQ_SPIDX_DATE`
--

DROP TABLE IF EXISTS `SEQ_SPIDX_DATE`;
/*!40101 SET @saved_cs_client     = @@character_set_client */;
/*!40101 SET character_set_client = utf8 */;
CREATE TABLE `SEQ_SPIDX_DATE` (
  `next_val` bigint(20) DEFAULT NULL
) ENGINE=MyISAM DEFAULT CHARSET=latin1;
/*!40101 SET character_set_client = @saved_cs_client */;

--
-- Dumping data for table `SEQ_SPIDX_DATE`
--

LOCK TABLES `SEQ_SPIDX_DATE` WRITE;
/*!40000 ALTER TABLE `SEQ_SPIDX_DATE` DISABLE KEYS */;
INSERT INTO `SEQ_SPIDX_DATE` VALUES (251);
/*!40000 ALTER TABLE `SEQ_SPIDX_DATE` ENABLE KEYS */;
UNLOCK TABLES;

--
-- Table structure for table `SEQ_SPIDX_NUMBER`
--

DROP TABLE IF EXISTS `SEQ_SPIDX_NUMBER`;
/*!40101 SET @saved_cs_client     = @@character_set_client */;
/*!40101 SET character_set_client = utf8 */;
CREATE TABLE `SEQ_SPIDX_NUMBER` (
  `next_val` bigint(20) DEFAULT NULL
) ENGINE=MyISAM DEFAULT CHARSET=latin1;
/*!40101 SET character_set_client = @saved_cs_client */;

--
-- Dumping data for table `SEQ_SPIDX_NUMBER`
--

LOCK TABLES `SEQ_SPIDX_NUMBER` WRITE;
/*!40000 ALTER TABLE `SEQ_SPIDX_NUMBER` DISABLE KEYS */;
INSERT INTO `SEQ_SPIDX_NUMBER` VALUES (1);
/*!40000 ALTER TABLE `SEQ_SPIDX_NUMBER` ENABLE KEYS */;
UNLOCK TABLES;

--
-- Table structure for table `SEQ_SPIDX_QUANTITY`
--

DROP TABLE IF EXISTS `SEQ_SPIDX_QUANTITY`;
/*!40101 SET @saved_cs_client     = @@character_set_client */;
/*!40101 SET character_set_client = utf8 */;
CREATE TABLE `SEQ_SPIDX_QUANTITY` (
  `next_val` bigint(20) DEFAULT NULL
) ENGINE=MyISAM DEFAULT CHARSET=latin1;
/*!40101 SET character_set_client = @saved_cs_client */;

--
-- Dumping data for table `SEQ_SPIDX_QUANTITY`
--

LOCK TABLES `SEQ_SPIDX_QUANTITY` WRITE;
/*!40000 ALTER TABLE `SEQ_SPIDX_QUANTITY` DISABLE KEYS */;
INSERT INTO `SEQ_SPIDX_QUANTITY` VALUES (1);
/*!40000 ALTER TABLE `SEQ_SPIDX_QUANTITY` ENABLE KEYS */;
UNLOCK TABLES;

--
-- Table structure for table `SEQ_SPIDX_STRING`
--

DROP TABLE IF EXISTS `SEQ_SPIDX_STRING`;
/*!40101 SET @saved_cs_client     = @@character_set_client */;
/*!40101 SET character_set_client = utf8 */;
CREATE TABLE `SEQ_SPIDX_STRING` (
  `next_val` bigint(20) DEFAULT NULL
) ENGINE=MyISAM DEFAULT CHARSET=latin1;
/*!40101 SET character_set_client = @saved_cs_client */;

--
-- Dumping data for table `SEQ_SPIDX_STRING`
--

LOCK TABLES `SEQ_SPIDX_STRING` WRITE;
/*!40000 ALTER TABLE `SEQ_SPIDX_STRING` DISABLE KEYS */;
INSERT INTO `SEQ_SPIDX_STRING` VALUES (251);
/*!40000 ALTER TABLE `SEQ_SPIDX_STRING` ENABLE KEYS */;
UNLOCK TABLES;

--
-- Table structure for table `SEQ_SPIDX_TOKEN`
--

DROP TABLE IF EXISTS `SEQ_SPIDX_TOKEN`;
/*!40101 SET @saved_cs_client     = @@character_set_client */;
/*!40101 SET character_set_client = utf8 */;
CREATE TABLE `SEQ_SPIDX_TOKEN` (
  `next_val` bigint(20) DEFAULT NULL
) ENGINE=MyISAM DEFAULT CHARSET=latin1;
/*!40101 SET character_set_client = @saved_cs_client */;

--
-- Dumping data for table `SEQ_SPIDX_TOKEN`
--

LOCK TABLES `SEQ_SPIDX_TOKEN` WRITE;
/*!40000 ALTER TABLE `SEQ_SPIDX_TOKEN` DISABLE KEYS */;
INSERT INTO `SEQ_SPIDX_TOKEN` VALUES (251);
/*!40000 ALTER TABLE `SEQ_SPIDX_TOKEN` ENABLE KEYS */;
UNLOCK TABLES;

--
-- Table structure for table `SEQ_SPIDX_URI`
--

DROP TABLE IF EXISTS `SEQ_SPIDX_URI`;
/*!40101 SET @saved_cs_client     = @@character_set_client */;
/*!40101 SET character_set_client = utf8 */;
CREATE TABLE `SEQ_SPIDX_URI` (
  `next_val` bigint(20) DEFAULT NULL
) ENGINE=MyISAM DEFAULT CHARSET=latin1;
/*!40101 SET character_set_client = @saved_cs_client */;

--
-- Dumping data for table `SEQ_SPIDX_URI`
--

LOCK TABLES `SEQ_SPIDX_URI` WRITE;
/*!40000 ALTER TABLE `SEQ_SPIDX_URI` DISABLE KEYS */;
INSERT INTO `SEQ_SPIDX_URI` VALUES (251);
/*!40000 ALTER TABLE `SEQ_SPIDX_URI` ENABLE KEYS */;
UNLOCK TABLES;

--
-- Table structure for table `SEQ_SUBSCRIPTION_ID`
--

DROP TABLE IF EXISTS `SEQ_SUBSCRIPTION_ID`;
/*!40101 SET @saved_cs_client     = @@character_set_client */;
/*!40101 SET character_set_client = utf8 */;
CREATE TABLE `SEQ_SUBSCRIPTION_ID` (
  `next_val` bigint(20) DEFAULT NULL
) ENGINE=MyISAM DEFAULT CHARSET=latin1;
/*!40101 SET character_set_client = @saved_cs_client */;

--
-- Dumping data for table `SEQ_SUBSCRIPTION_ID`
--

LOCK TABLES `SEQ_SUBSCRIPTION_ID` WRITE;
/*!40000 ALTER TABLE `SEQ_SUBSCRIPTION_ID` DISABLE KEYS */;
INSERT INTO `SEQ_SUBSCRIPTION_ID` VALUES (1);
/*!40000 ALTER TABLE `SEQ_SUBSCRIPTION_ID` ENABLE KEYS */;
UNLOCK TABLES;

--
-- Table structure for table `SEQ_TAGDEF_ID`
--

DROP TABLE IF EXISTS `SEQ_TAGDEF_ID`;
/*!40101 SET @saved_cs_client     = @@character_set_client */;
/*!40101 SET character_set_client = utf8 */;
CREATE TABLE `SEQ_TAGDEF_ID` (
  `next_val` bigint(20) DEFAULT NULL
) ENGINE=MyISAM DEFAULT CHARSET=latin1;
/*!40101 SET character_set_client = @saved_cs_client */;

--
-- Dumping data for table `SEQ_TAGDEF_ID`
--

LOCK TABLES `SEQ_TAGDEF_ID` WRITE;
/*!40000 ALTER TABLE `SEQ_TAGDEF_ID` DISABLE KEYS */;
INSERT INTO `SEQ_TAGDEF_ID` VALUES (101);
/*!40000 ALTER TABLE `SEQ_TAGDEF_ID` ENABLE KEYS */;
UNLOCK TABLES;

--
-- Table structure for table `TRM_CODESYSTEM`
--

DROP TABLE IF EXISTS `TRM_CODESYSTEM`;
/*!40101 SET @saved_cs_client     = @@character_set_client */;
/*!40101 SET character_set_client = utf8 */;
CREATE TABLE `TRM_CODESYSTEM` (
  `PID` bigint(20) NOT NULL,
  `CODE_SYSTEM_URI` varchar(255) NOT NULL,
  `RES_ID` bigint(20) DEFAULT NULL,
  `CURRENT_VERSION_PID` bigint(20) DEFAULT NULL,
  `CS_NAME` varchar(255) DEFAULT NULL,
  PRIMARY KEY (`PID`),
  UNIQUE KEY `IDX_CS_CODESYSTEM` (`CODE_SYSTEM_URI`),
  KEY `FK_TRMCODESYSTEM_CURVER` (`CURRENT_VERSION_PID`),
  KEY `FK_TRMCODESYSTEM_RES` (`RES_ID`)
) ENGINE=MyISAM DEFAULT CHARSET=latin1;
/*!40101 SET character_set_client = @saved_cs_client */;

--
-- Dumping data for table `TRM_CODESYSTEM`
--

LOCK TABLES `TRM_CODESYSTEM` WRITE;
/*!40000 ALTER TABLE `TRM_CODESYSTEM` DISABLE KEYS */;
/*!40000 ALTER TABLE `TRM_CODESYSTEM` ENABLE KEYS */;
UNLOCK TABLES;

--
-- Table structure for table `TRM_CODESYSTEM_VER`
--

DROP TABLE IF EXISTS `TRM_CODESYSTEM_VER`;
/*!40101 SET @saved_cs_client     = @@character_set_client */;
/*!40101 SET character_set_client = utf8 */;
CREATE TABLE `TRM_CODESYSTEM_VER` (
  `PID` bigint(20) NOT NULL,
  `RES_ID` bigint(20) NOT NULL,
  `CS_VERSION_ID` varchar(255) DEFAULT NULL,
  `CODESYSTEM_PID` bigint(20) DEFAULT NULL,
  PRIMARY KEY (`PID`),
  KEY `FK_CODESYSVER_CS_ID` (`CODESYSTEM_PID`),
  KEY `FK_CODESYSVER_RES_ID` (`RES_ID`)
) ENGINE=MyISAM DEFAULT CHARSET=latin1;
/*!40101 SET character_set_client = @saved_cs_client */;

--
-- Dumping data for table `TRM_CODESYSTEM_VER`
--

LOCK TABLES `TRM_CODESYSTEM_VER` WRITE;
/*!40000 ALTER TABLE `TRM_CODESYSTEM_VER` DISABLE KEYS */;
/*!40000 ALTER TABLE `TRM_CODESYSTEM_VER` ENABLE KEYS */;
UNLOCK TABLES;

--
-- Table structure for table `TRM_CONCEPT`
--

DROP TABLE IF EXISTS `TRM_CONCEPT`;
/*!40101 SET @saved_cs_client     = @@character_set_client */;
/*!40101 SET character_set_client = utf8 */;
CREATE TABLE `TRM_CONCEPT` (
  `PID` bigint(20) NOT NULL,
  `CODE` varchar(500) DEFAULT NULL,
  `CODESYSTEM_PID` bigint(20) DEFAULT NULL,
  `DISPLAY` varchar(400) DEFAULT NULL,
  `INDEX_STATUS` bigint(20) DEFAULT NULL,
  `CODE_SEQUENCE` int(11) DEFAULT NULL,
  `PARENT_PIDS` longtext,
  `CONCEPT_UPDATED` datetime DEFAULT NULL,
  PRIMARY KEY (`PID`),
  UNIQUE KEY `IDX_CONCEPT_CS_CODE` (`CODESYSTEM_PID`,`CODE`),
  KEY `IDX_CONCEPT_INDEXSTATUS` (`INDEX_STATUS`)
) ENGINE=MyISAM DEFAULT CHARSET=latin1;
/*!40101 SET character_set_client = @saved_cs_client */;

--
-- Dumping data for table `TRM_CONCEPT`
--

LOCK TABLES `TRM_CONCEPT` WRITE;
/*!40000 ALTER TABLE `TRM_CONCEPT` DISABLE KEYS */;
/*!40000 ALTER TABLE `TRM_CONCEPT` ENABLE KEYS */;
UNLOCK TABLES;

--
-- Table structure for table `TRM_CONCEPT_DESIG`
--

DROP TABLE IF EXISTS `TRM_CONCEPT_DESIG`;
/*!40101 SET @saved_cs_client     = @@character_set_client */;
/*!40101 SET character_set_client = utf8 */;
CREATE TABLE `TRM_CONCEPT_DESIG` (
  `PID` bigint(20) NOT NULL,
  `LANG` varchar(500) DEFAULT NULL,
  `USE_CODE` varchar(500) DEFAULT NULL,
  `USE_DISPLAY` varchar(500) DEFAULT NULL,
  `USE_SYSTEM` varchar(500) DEFAULT NULL,
  `VAL` varchar(500) NOT NULL,
  `CONCEPT_PID` bigint(20) DEFAULT NULL,
  `CS_VER_PID` bigint(20) DEFAULT NULL,
  PRIMARY KEY (`PID`),
  KEY `FK_CONCEPTDESIG_CONCEPT` (`CONCEPT_PID`),
  KEY `FK_CONCEPTDESIG_CSV` (`CS_VER_PID`)
) ENGINE=MyISAM DEFAULT CHARSET=utf8;
/*!40101 SET character_set_client = @saved_cs_client */;

--
-- Dumping data for table `TRM_CONCEPT_DESIG`
--

LOCK TABLES `TRM_CONCEPT_DESIG` WRITE;
/*!40000 ALTER TABLE `TRM_CONCEPT_DESIG` DISABLE KEYS */;
/*!40000 ALTER TABLE `TRM_CONCEPT_DESIG` ENABLE KEYS */;
UNLOCK TABLES;

--
-- Table structure for table `TRM_CONCEPT_MAP_GRP_ELEMENT`
--

DROP TABLE IF EXISTS `TRM_CONCEPT_MAP_GRP_ELEMENT`;
/*!40101 SET @saved_cs_client     = @@character_set_client */;
/*!40101 SET character_set_client = utf8 */;
CREATE TABLE `TRM_CONCEPT_MAP_GRP_ELEMENT` (
  `PID` bigint(20) NOT NULL,
  `SOURCE_CODE` varchar(500) NOT NULL,
  `myConceptMapUrl` varchar(255) DEFAULT NULL,
  `SOURCE_DISPLAY` varchar(400) DEFAULT NULL,
  `mySystem` varchar(255) DEFAULT NULL,
  `mySystemVersion` varchar(255) DEFAULT NULL,
  `myValueSet` varchar(255) DEFAULT NULL,
  `CONCEPT_MAP_GROUP_PID` bigint(20) NOT NULL,
  PRIMARY KEY (`PID`),
  KEY `FK_TCMGELEMENT_GROUP` (`CONCEPT_MAP_GROUP_PID`)
) ENGINE=MyISAM DEFAULT CHARSET=utf8;
/*!40101 SET character_set_client = @saved_cs_client */;

--
-- Dumping data for table `TRM_CONCEPT_MAP_GRP_ELEMENT`
--

LOCK TABLES `TRM_CONCEPT_MAP_GRP_ELEMENT` WRITE;
/*!40000 ALTER TABLE `TRM_CONCEPT_MAP_GRP_ELEMENT` DISABLE KEYS */;
INSERT INTO `TRM_CONCEPT_MAP_GRP_ELEMENT` VALUES (1,'home',NULL,'home',NULL,NULL,NULL,1),(2,'work',NULL,'work',NULL,NULL,NULL,1),(3,'temp',NULL,'temp',NULL,NULL,NULL,1),(4,'old',NULL,'old',NULL,NULL,NULL,1);
/*!40000 ALTER TABLE `TRM_CONCEPT_MAP_GRP_ELEMENT` ENABLE KEYS */;
UNLOCK TABLES;

--
-- Table structure for table `TRM_CONCEPT_MAP_GRP_ELM_TGT`
--

DROP TABLE IF EXISTS `TRM_CONCEPT_MAP_GRP_ELM_TGT`;
/*!40101 SET @saved_cs_client     = @@character_set_client */;
/*!40101 SET character_set_client = utf8 */;
CREATE TABLE `TRM_CONCEPT_MAP_GRP_ELM_TGT` (
  `PID` bigint(20) NOT NULL,
  `TARGET_CODE` varchar(500) NOT NULL,
  `myConceptMapUrl` varchar(255) DEFAULT NULL,
  `TARGET_DISPLAY` varchar(400) DEFAULT NULL,
  `TARGET_EQUIVALENCE` varchar(50) DEFAULT NULL,
  `mySystem` varchar(255) DEFAULT NULL,
  `mySystemVersion` varchar(255) DEFAULT NULL,
  `myValueSet` varchar(255) DEFAULT NULL,
  `CONCEPT_MAP_GRP_ELM_PID` bigint(20) NOT NULL,
  PRIMARY KEY (`PID`),
  KEY `FK_TCMGETARGET_ELEMENT` (`CONCEPT_MAP_GRP_ELM_PID`)
) ENGINE=MyISAM DEFAULT CHARSET=utf8;
/*!40101 SET character_set_client = @saved_cs_client */;

--
-- Dumping data for table `TRM_CONCEPT_MAP_GRP_ELM_TGT`
--

LOCK TABLES `TRM_CONCEPT_MAP_GRP_ELM_TGT` WRITE;
/*!40000 ALTER TABLE `TRM_CONCEPT_MAP_GRP_ELM_TGT` DISABLE KEYS */;
INSERT INTO `TRM_CONCEPT_MAP_GRP_ELM_TGT` VALUES (1,'H',NULL,'home',NULL,NULL,NULL,NULL,1),(2,'WP',NULL,'work place',NULL,NULL,NULL,NULL,2),(3,'TMP',NULL,'temporary address',NULL,NULL,NULL,NULL,3),(4,'BAD',NULL,'bad address','DISJOINT',NULL,NULL,NULL,4);
/*!40000 ALTER TABLE `TRM_CONCEPT_MAP_GRP_ELM_TGT` ENABLE KEYS */;
UNLOCK TABLES;

--
-- Table structure for table `TRM_CONCEPT_PC_LINK`
--

DROP TABLE IF EXISTS `TRM_CONCEPT_PC_LINK`;
/*!40101 SET @saved_cs_client     = @@character_set_client */;
/*!40101 SET character_set_client = utf8 */;
CREATE TABLE `TRM_CONCEPT_PC_LINK` (
  `PID` bigint(20) NOT NULL,
  `CHILD_PID` bigint(20) DEFAULT NULL,
  `PARENT_PID` bigint(20) DEFAULT NULL,
  `REL_TYPE` int(11) DEFAULT NULL,
  `CODESYSTEM_PID` bigint(20) NOT NULL,
  PRIMARY KEY (`PID`),
  KEY `FK_TERM_CONCEPTPC_CHILD` (`CHILD_PID`),
  KEY `FK_TERM_CONCEPTPC_CS` (`CODESYSTEM_PID`),
  KEY `FK_TERM_CONCEPTPC_PARENT` (`PARENT_PID`)
) ENGINE=MyISAM DEFAULT CHARSET=latin1;
/*!40101 SET character_set_client = @saved_cs_client */;

--
-- Dumping data for table `TRM_CONCEPT_PC_LINK`
--

LOCK TABLES `TRM_CONCEPT_PC_LINK` WRITE;
/*!40000 ALTER TABLE `TRM_CONCEPT_PC_LINK` DISABLE KEYS */;
/*!40000 ALTER TABLE `TRM_CONCEPT_PC_LINK` ENABLE KEYS */;
UNLOCK TABLES;

--
-- Table structure for table `TRM_CONCEPT_PROPERTY`
--

DROP TABLE IF EXISTS `TRM_CONCEPT_PROPERTY`;
/*!40101 SET @saved_cs_client     = @@character_set_client */;
/*!40101 SET character_set_client = utf8 */;
CREATE TABLE `TRM_CONCEPT_PROPERTY` (
  `PID` bigint(20) NOT NULL,
  `PROP_KEY` varchar(500) NOT NULL,
  `PROP_VAL` varchar(500) DEFAULT NULL,
  `CONCEPT_PID` bigint(20) DEFAULT NULL,
  `PROP_CODESYSTEM` varchar(500) DEFAULT NULL,
  `PROP_DISPLAY` varchar(500) DEFAULT NULL,
  `PROP_TYPE` int(11) NOT NULL,
  `CS_VER_PID` bigint(20) DEFAULT NULL,
  PRIMARY KEY (`PID`),
  KEY `FK_CONCEPTPROP_CONCEPT` (`CONCEPT_PID`),
  KEY `FK_CONCEPTPROP_CSV` (`CS_VER_PID`)
) ENGINE=MyISAM DEFAULT CHARSET=latin1;
/*!40101 SET character_set_client = @saved_cs_client */;

--
-- Dumping data for table `TRM_CONCEPT_PROPERTY`
--

LOCK TABLES `TRM_CONCEPT_PROPERTY` WRITE;
/*!40000 ALTER TABLE `TRM_CONCEPT_PROPERTY` DISABLE KEYS */;
/*!40000 ALTER TABLE `TRM_CONCEPT_PROPERTY` ENABLE KEYS */;
UNLOCK TABLES;

--
-- Table structure for table `hfj_forced_id`
--

DROP TABLE IF EXISTS `hfj_forced_id`;
/*!40101 SET @saved_cs_client     = @@character_set_client */;
/*!40101 SET character_set_client = utf8 */;
CREATE TABLE `hfj_forced_id` (
  `PID` bigint(20) NOT NULL,
  `FORCED_ID` varchar(100) NOT NULL,
  `RESOURCE_PID` bigint(20) NOT NULL,
  `RESOURCE_TYPE` varchar(100) DEFAULT '',
  PRIMARY KEY (`PID`),
  UNIQUE KEY `IDX_FORCEDID_RESID` (`RESOURCE_PID`),
  KEY `IDX_FORCEDID_TYPE_FID` (`RESOURCE_TYPE`,`FORCED_ID`)
) ENGINE=MyISAM DEFAULT CHARSET=latin1;
/*!40101 SET character_set_client = @saved_cs_client */;

--
-- Dumping data for table `hfj_forced_id`
--

LOCK TABLES `hfj_forced_id` WRITE;
/*!40000 ALTER TABLE `hfj_forced_id` DISABLE KEYS */;
INSERT INTO `hfj_forced_id` VALUES (1,'whatsup',152,'ValueSet');
/*!40000 ALTER TABLE `hfj_forced_id` ENABLE KEYS */;
UNLOCK TABLES;

--
-- Table structure for table `hfj_res_param_present`
--

DROP TABLE IF EXISTS `hfj_res_param_present`;
/*!40101 SET @saved_cs_client     = @@character_set_client */;
/*!40101 SET character_set_client = utf8 */;
CREATE TABLE `hfj_res_param_present` (
  `PID` bigint(20) NOT NULL,
  `SP_PRESENT` bit(1) NOT NULL,
  `RES_ID` bigint(20) NOT NULL,
  `SP_ID` bigint(20) NOT NULL,
  `HASH_PRESENCE` bigint(20) DEFAULT NULL,
  PRIMARY KEY (`PID`),
  KEY `IDX_RESPARMPRESENT_RESID` (`RES_ID`),
  KEY `IDX_RESPARMPRESENT_HASHPRES` (`HASH_PRESENCE`)
) ENGINE=MyISAM DEFAULT CHARSET=latin1;
/*!40101 SET character_set_client = @saved_cs_client */;

--
-- Dumping data for table `hfj_res_param_present`
--

LOCK TABLES `hfj_res_param_present` WRITE;
/*!40000 ALTER TABLE `hfj_res_param_present` DISABLE KEYS */;
/*!40000 ALTER TABLE `hfj_res_param_present` ENABLE KEYS */;
UNLOCK TABLES;

--
-- Table structure for table `hspc_tenant_info`
--

DROP TABLE IF EXISTS `hspc_tenant_info`;
/*!40101 SET @saved_cs_client     = @@character_set_client */;
/*!40101 SET character_set_client = utf8 */;
CREATE TABLE `hspc_tenant_info` (
  `tenant_id` varchar(255) NOT NULL,
  `hspc_schema_version` varchar(10) NOT NULL,
  `allow_open_endpoint` varchar(1) NOT NULL,
  `baseline_date` date DEFAULT NULL,
  `properties` varchar(4096) DEFAULT NULL,
  PRIMARY KEY (`tenant_id`)
) ENGINE=InnoDB DEFAULT CHARSET=utf8;
/*!40101 SET character_set_client = @saved_cs_client */;

--
-- Dumping data for table `hspc_tenant_info`
--

LOCK TABLES `hspc_tenant_info` WRITE;
/*!40000 ALTER TABLE `hspc_tenant_info` DISABLE KEYS */;
INSERT INTO `hspc_tenant_info` VALUES ('hspc9','8','T',NULL,NULL);
/*!40000 ALTER TABLE `hspc_tenant_info` ENABLE KEYS */;
UNLOCK TABLES;

--
-- Table structure for table `trm_concept_map`
--

DROP TABLE IF EXISTS `trm_concept_map`;
/*!40101 SET @saved_cs_client     = @@character_set_client */;
/*!40101 SET character_set_client = utf8 */;
CREATE TABLE `trm_concept_map` (
  `PID` bigint(20) NOT NULL,
  `RES_ID` bigint(20) DEFAULT NULL,
  `SOURCE_URL` varchar(200) DEFAULT NULL,
  `TARGET_URL` varchar(200) DEFAULT NULL,
  `URL` varchar(200) NOT NULL,
  PRIMARY KEY (`PID`),
  UNIQUE KEY `IDX_CONCEPT_MAP_URL` (`URL`),
  KEY `FK_TRMCONCEPTMAP_RES` (`RES_ID`)
) ENGINE=MyISAM DEFAULT CHARSET=utf8;
/*!40101 SET character_set_client = @saved_cs_client */;

--
-- Dumping data for table `trm_concept_map`
--

LOCK TABLES `trm_concept_map` WRITE;
/*!40000 ALTER TABLE `trm_concept_map` DISABLE KEYS */;
INSERT INTO `trm_concept_map` VALUES (1,1,'http://hl7.org/fhir/ValueSet/address-use','http://hl7.org/fhir/ValueSet/v3-AddressUse','http://hl7.org/fhir/ConceptMap/101');
/*!40000 ALTER TABLE `trm_concept_map` ENABLE KEYS */;
UNLOCK TABLES;

--
-- Table structure for table `trm_concept_map_group`
--

DROP TABLE IF EXISTS `trm_concept_map_group`;
/*!40101 SET @saved_cs_client     = @@character_set_client */;
/*!40101 SET character_set_client = utf8 */;
CREATE TABLE `trm_concept_map_group` (
  `PID` bigint(20) NOT NULL,
  `myConceptMapUrl` varchar(255) DEFAULT NULL,
  `SOURCE_URL` varchar(200) NOT NULL,
  `mySourceValueSet` varchar(255) DEFAULT NULL,
  `SOURCE_VERSION` varchar(100) DEFAULT NULL,
  `TARGET_URL` varchar(200) NOT NULL,
  `myTargetValueSet` varchar(255) DEFAULT NULL,
  `TARGET_VERSION` varchar(100) DEFAULT NULL,
  `CONCEPT_MAP_PID` bigint(20) NOT NULL,
  PRIMARY KEY (`PID`),
  KEY `FK_TCMGROUP_CONCEPTMAP` (`CONCEPT_MAP_PID`)
) ENGINE=MyISAM DEFAULT CHARSET=utf8;
/*!40101 SET character_set_client = @saved_cs_client */;

--
-- Dumping data for table `trm_concept_map_group`
--

LOCK TABLES `trm_concept_map_group` WRITE;
/*!40000 ALTER TABLE `trm_concept_map_group` DISABLE KEYS */;
INSERT INTO `trm_concept_map_group` VALUES (1,NULL,'http://hl7.org/fhir/address-use',NULL,NULL,'http://hl7.org/fhir/v3/AddressUse',NULL,NULL,1);
/*!40000 ALTER TABLE `trm_concept_map_group` ENABLE KEYS */;
UNLOCK TABLES;
/*!40103 SET TIME_ZONE=@OLD_TIME_ZONE */;

/*!40101 SET SQL_MODE=@OLD_SQL_MODE */;
/*!40014 SET FOREIGN_KEY_CHECKS=@OLD_FOREIGN_KEY_CHECKS */;
/*!40014 SET UNIQUE_CHECKS=@OLD_UNIQUE_CHECKS */;
/*!40101 SET CHARACTER_SET_CLIENT=@OLD_CHARACTER_SET_CLIENT */;
/*!40101 SET CHARACTER_SET_RESULTS=@OLD_CHARACTER_SET_RESULTS */;
/*!40101 SET COLLATION_CONNECTION=@OLD_COLLATION_CONNECTION */;
/*!40111 SET SQL_NOTES=@OLD_SQL_NOTES */;

-- Dump completed on 2019-02-25 16:28:44
